category,city,customer_id,order_date,order_id,price,product_name,quantity,status,total_amount,year,month,day
Food,Cantho,CUST0545,2024-09-02,ORD005625,590.2,Product_97,1,pending,590.2,2024,9,2
Electronics,Hanoi,CUST0599,2024-02-19,ORD005626,258.76,Product_81,6,cancelled,1552.56,2024,2,19
Toys,Danang,CUST0087,2024-07-25,ORD005627,438.06,Product_28,3,completed,1314.18,2024,7,25
Food,Hanoi,CUST0698,2024-08-08,ORD005628,589.85,Product_64,1,cancelled,589.85,2024,8,8
Food,Danang,CUST0315,2024-10-04,ORD005629,768.51,Product_5,10,pending,7685.1,2024,10,4
Electronics,Hanoi,CUST0995,2024-05-15,ORD005630,694.71,Product_78,8,pending,5557.68,2024,5,15
Food,Cantho,CUST0152,2024-05-03,ORD005631,32.3,Product_39,9,completed,290.7,2024,5,3
Toys,Haiphong,CUST0139,2024-04-07,ORD005632,238.38,Product_60,3,cancelled,715.14,2024,4,7
Toys,Cantho,CUST0844,2024-08-11,ORD005633,775.44,Product_97,2,cancelled,1550.88,2024,8,11
Toys,Danang,CUST0227,2024-09-04,ORD005634,685.31,Product_65,7,cancelled,4797.17,2024,9,4
Clothing,Haiphong,CUST0673,2024-05-14,ORD005635,928.5,Product_1,5,cancelled,4642.5,2024,5,14
Clothing,Cantho,CUST0853,2024-02-12,ORD005636,191.54,Product_36,3,completed,574.62,2024,2,12
Books,Haiphong,CUST0649,2024-07-19,ORD005637,947.28,Product_35,10,pending,9472.8,2024,7,19
Clothing,Hanoi,CUST0997,2024-03-13,ORD005638,477.07,Product_86,7,completed,3339.49,2024,3,13
Food,HCM,CUST0261,2024-07-14,ORD005639,997.82,Product_48,10,pending,9978.2,2024,7,14
Toys,Cantho,CUST0618,2024-10-30,ORD005640,984.36,Product_45,6,completed,5906.16,2024,10,30
Books,Haiphong,CUST0996,2024-11-28,ORD005641,316.69,Product_62,8,cancelled,2533.52,2024,11,28
Food,HCM,CUST0808,2024-06-03,ORD005642,706.58,Product_43,10,completed,7065.8,2024,6,3
Books,Hanoi,CUST0519,2024-11-21,ORD005643,614.75,Product_21,9,cancelled,5532.75,2024,11,21
Books,Hanoi,CUST0923,2024-07-02,ORD005644,754.04,Product_27,2,pending,1508.08,2024,7,2
Clothing,HCM,CUST0624,2024-01-26,ORD005645,498.72,Product_70,1,pending,498.72,2024,1,26
Toys,Haiphong,CUST0753,2024-12-07,ORD005646,522.68,Product_48,1,completed,522.68,2024,12,7
Electronics,Hanoi,CUST0722,2024-07-09,ORD005647,922.69,Product_47,4,cancelled,3690.76,2024,7,9
Clothing,Haiphong,CUST0399,2024-09-05,ORD005648,167.38,Product_9,9,pending,1506.42,2024,9,5
Toys,Cantho,CUST0633,2024-03-05,ORD005649,530.34,Product_34,8,completed,4242.72,2024,3,5
Books,Haiphong,CUST0360,2024-08-24,ORD005650,714.93,Product_99,4,cancelled,2859.72,2024,8,24
Electronics,Danang,CUST0042,2024-10-06,ORD005651,28.21,Product_60,9,completed,253.89000000000001,2024,10,6
Books,Hanoi,CUST0904,2024-06-05,ORD005652,167.32,Product_96,4,completed,669.28,2024,6,5
Clothing,Cantho,CUST0823,2024-11-02,ORD005653,151.58,Product_42,2,cancelled,303.16,2024,11,2
Food,Cantho,CUST0307,2024-01-27,ORD005654,327.45,Product_78,6,pending,1964.6999999999998,2024,1,27
Clothing,Cantho,CUST0983,2024-12-25,ORD005655,111.13,Product_88,8,completed,889.04,2024,12,25
Books,Hanoi,CUST0530,2024-07-12,ORD005656,208.19,Product_46,6,pending,1249.1399999999999,2024,7,12
Food,Haiphong,CUST0717,2024-09-26,ORD005657,106.33,Product_45,5,cancelled,531.65,2024,9,26
Books,Danang,CUST0179,2024-06-05,ORD005658,268.85,Product_82,8,completed,2150.8,2024,6,5
Toys,Hanoi,CUST0295,2024-03-21,ORD005659,479.13,Product_47,1,completed,479.13,2024,3,21
Toys,Danang,CUST0986,2024-07-27,ORD005660,197.27,Product_91,3,cancelled,591.8100000000001,2024,7,27
Clothing,Hanoi,CUST0288,2024-10-25,ORD005661,520.73,Product_64,10,cancelled,5207.3,2024,10,25
Books,Hanoi,CUST0176,2024-12-23,ORD005662,251.03,Product_6,7,pending,1757.21,2024,12,23
Toys,Hanoi,CUST0818,2024-01-15,ORD005663,278.02,Product_10,10,pending,2780.2,2024,1,15
Electronics,Haiphong,CUST0473,2024-11-21,ORD005664,818.39,Product_50,8,cancelled,6547.12,2024,11,21
Food,Danang,CUST0477,2024-02-23,ORD005665,873.4,Product_9,2,completed,1746.8,2024,2,23
Toys,Cantho,CUST0341,2024-09-18,ORD005666,241.94,Product_24,5,pending,1209.7,2024,9,18
Clothing,Hanoi,CUST0460,2024-11-13,ORD005667,819.04,Product_54,2,cancelled,1638.08,2024,11,13
Electronics,Danang,CUST0506,2024-02-05,ORD005668,941.46,Product_32,10,pending,9414.6,2024,2,5
Electronics,Cantho,CUST0668,2024-04-06,ORD005669,86.74,Product_32,9,cancelled,780.66,2024,4,6
Books,Danang,CUST0765,2024-10-02,ORD005670,653.04,Product_93,10,cancelled,6530.4,2024,10,2
Clothing,Hanoi,CUST0608,2024-09-30,ORD005671,741.7,Product_82,8,pending,5933.6,2024,9,30
Books,Haiphong,CUST0911,2024-02-20,ORD005672,327.86,Product_46,3,pending,983.58,2024,2,20
Books,HCM,CUST0635,2024-03-24,ORD005673,262.52,Product_66,3,cancelled,787.56,2024,3,24
Food,HCM,CUST0446,2024-03-04,ORD005674,938.66,Product_52,10,completed,9386.6,2024,3,4
Clothing,HCM,CUST0236,2024-10-18,ORD005675,57.23,Product_43,4,completed,228.92,2024,10,18
Electronics,Haiphong,CUST0944,2024-05-19,ORD005676,538.11,Product_28,3,pending,1614.33,2024,5,19
Clothing,Danang,CUST0132,2024-04-12,ORD005677,643.97,Product_83,3,completed,1931.91,2024,4,12
Food,Hanoi,CUST0715,2024-09-13,ORD005678,626.08,Product_61,1,pending,626.08,2024,9,13
Food,Danang,CUST0256,2024-04-03,ORD005679,923.16,Product_26,9,pending,8308.44,2024,4,3
Clothing,HCM,CUST0473,2024-11-21,ORD005680,768.52,Product_34,8,completed,6148.16,2024,11,21
Toys,HCM,CUST0992,2024-04-29,ORD005681,881.1,Product_84,9,completed,7929.900000000001,2024,4,29
Toys,Danang,CUST0021,2024-11-01,ORD005682,450.5,Product_22,10,completed,4505.0,2024,11,1
Electronics,Cantho,CUST0194,2024-02-04,ORD005683,825.09,Product_11,5,cancelled,4125.45,2024,2,4
Toys,Cantho,CUST0082,2024-01-26,ORD005684,653.15,Product_1,9,pending,5878.349999999999,2024,1,26
Food,Haiphong,CUST0890,2024-02-28,ORD005685,582.06,Product_62,1,completed,582.06,2024,2,28
Books,HCM,CUST0317,2024-09-30,ORD005686,290.0,Product_49,5,completed,1450.0,2024,9,30
Food,Cantho,CUST0733,2024-08-09,ORD005687,336.21,Product_32,5,completed,1681.05,2024,8,9
Electronics,Haiphong,CUST0017,2024-11-15,ORD005688,973.21,Product_95,3,completed,2919.63,2024,11,15
Books,Hanoi,CUST0339,2024-01-16,ORD005689,643.15,Product_2,5,pending,3215.75,2024,1,16
Food,HCM,CUST0181,2024-09-29,ORD005690,214.69,Product_94,6,cancelled,1288.1399999999999,2024,9,29
Food,Haiphong,CUST0524,2024-03-11,ORD005691,853.0,Product_12,5,cancelled,4265.0,2024,3,11
Toys,Cantho,CUST0406,2024-10-10,ORD005692,390.6,Product_36,1,pending,390.6,2024,10,10
Food,Hanoi,CUST0199,2024-05-30,ORD005693,391.82,Product_97,7,pending,2742.74,2024,5,30
Electronics,Danang,CUST0346,2024-04-09,ORD005694,364.87,Product_86,5,completed,1824.35,2024,4,9
Toys,Haiphong,CUST0209,2024-10-09,ORD005695,886.58,Product_96,10,pending,8865.800000000001,2024,10,9
Toys,Danang,CUST0530,2024-04-05,ORD005696,702.45,Product_8,5,completed,3512.25,2024,4,5
Food,Hanoi,CUST0444,2024-11-12,ORD005697,411.28,Product_71,7,cancelled,2878.96,2024,11,12
Clothing,Danang,CUST0703,2024-03-15,ORD005698,792.85,Product_33,5,completed,3964.25,2024,3,15
Toys,HCM,CUST0757,2024-12-27,ORD005699,552.01,Product_19,1,completed,552.01,2024,12,27
Toys,Hanoi,CUST0511,2024-02-21,ORD005700,577.36,Product_40,3,cancelled,1732.08,2024,2,21
Clothing,Hanoi,CUST0527,2024-11-28,ORD005701,293.35,Product_29,8,pending,2346.8,2024,11,28
Toys,Danang,CUST0095,2024-03-05,ORD005702,861.0,Product_64,8,completed,6888.0,2024,3,5
Electronics,Cantho,CUST0146,2024-02-04,ORD005703,978.08,Product_98,1,completed,978.08,2024,2,4
Clothing,Haiphong,CUST0525,2024-05-18,ORD005704,393.8,Product_30,7,pending,2756.6,2024,5,18
Food,Hanoi,CUST0489,2024-06-06,ORD005705,433.1,Product_67,3,cancelled,1299.3000000000002,2024,6,6
Electronics,Danang,CUST0501,2024-11-19,ORD005706,331.67,Product_48,9,pending,2985.03,2024,11,19
Clothing,Haiphong,CUST0929,2024-12-30,ORD005707,777.53,Product_5,3,cancelled,2332.59,2024,12,30
Electronics,Danang,CUST0637,2024-02-25,ORD005708,732.15,Product_87,10,completed,7321.5,2024,2,25
Clothing,Danang,CUST0319,2024-01-07,ORD005709,292.92,Product_43,2,cancelled,585.84,2024,1,7
Food,HCM,CUST0615,2024-02-24,ORD005710,450.0,Product_86,3,pending,1350.0,2024,2,24
Clothing,Danang,CUST0404,2024-07-17,ORD005711,680.72,Product_71,2,completed,1361.44,2024,7,17
Books,Haiphong,CUST0233,2024-02-10,ORD005712,802.22,Product_8,1,completed,802.22,2024,2,10
Toys,Cantho,CUST0743,2024-09-04,ORD005713,620.45,Product_2,5,completed,3102.25,2024,9,4
Electronics,HCM,CUST0085,2024-07-03,ORD005714,297.12,Product_50,6,pending,1782.72,2024,7,3
Books,Danang,CUST0945,2024-12-09,ORD005715,993.36,Product_71,8,cancelled,7946.88,2024,12,9
Electronics,Cantho,CUST0044,2024-04-19,ORD005716,743.76,Product_67,8,pending,5950.08,2024,4,19
Food,Cantho,CUST0949,2024-03-05,ORD005717,771.66,Product_92,1,pending,771.66,2024,3,5
Toys,Cantho,CUST0994,2024-08-13,ORD005718,585.92,Product_89,7,cancelled,4101.44,2024,8,13
Electronics,Cantho,CUST0466,2024-06-12,ORD005719,701.18,Product_35,5,pending,3505.8999999999996,2024,6,12
Food,Haiphong,CUST0700,2024-01-20,ORD005720,165.9,Product_82,1,cancelled,165.9,2024,1,20
Clothing,Cantho,CUST0014,2024-12-01,ORD005721,103.76,Product_73,8,completed,830.08,2024,12,1
Food,HCM,CUST0158,2024-09-11,ORD005722,614.74,Product_60,9,cancelled,5532.66,2024,9,11
Food,Haiphong,CUST0587,2024-12-24,ORD005723,321.53,Product_47,3,cancelled,964.5899999999999,2024,12,24
Electronics,Cantho,CUST0552,2024-05-07,ORD005724,371.68,Product_94,10,cancelled,3716.8,2024,5,7
Electronics,HCM,CUST0088,2024-10-16,ORD005725,367.97,Product_49,2,completed,735.94,2024,10,16
Clothing,Haiphong,CUST0702,2024-05-18,ORD005726,350.66,Product_17,6,cancelled,2103.96,2024,5,18
Electronics,Haiphong,CUST0069,2024-09-14,ORD005727,222.79,Product_27,9,cancelled,2005.11,2024,9,14
Electronics,Cantho,CUST0794,2024-02-24,ORD005728,763.81,Product_27,2,cancelled,1527.62,2024,2,24
Electronics,HCM,CUST0198,2024-01-23,ORD005729,992.28,Product_79,1,completed,992.28,2024,1,23
Food,Cantho,CUST0609,2024-01-04,ORD005730,684.2,Product_68,10,cancelled,6842.0,2024,1,4
Books,Hanoi,CUST0725,2024-11-17,ORD005731,90.3,Product_44,9,completed,812.6999999999999,2024,11,17
Food,Haiphong,CUST0709,2024-08-03,ORD005732,431.83,Product_95,6,cancelled,2590.98,2024,8,3
Toys,Hanoi,CUST0681,2024-03-25,ORD005733,110.96,Product_69,1,completed,110.96,2024,3,25
Books,Haiphong,CUST0911,2024-03-05,ORD005734,893.86,Product_74,8,cancelled,7150.88,2024,3,5
Toys,HCM,CUST0680,2024-12-29,ORD005735,691.79,Product_16,10,pending,6917.9,2024,12,29
Books,Hanoi,CUST0843,2024-07-04,ORD005736,677.19,Product_38,7,cancelled,4740.33,2024,7,4
Food,HCM,CUST0279,2024-06-20,ORD005737,515.39,Product_31,4,completed,2061.56,2024,6,20
Clothing,Danang,CUST0831,2024-02-07,ORD005738,181.81,Product_57,6,completed,1090.8600000000001,2024,2,7
Clothing,Haiphong,CUST0574,2024-01-22,ORD005739,856.46,Product_37,10,completed,8564.6,2024,1,22
Toys,Danang,CUST0356,2024-04-11,ORD005740,876.59,Product_74,6,cancelled,5259.54,2024,4,11
Clothing,Cantho,CUST0114,2024-08-31,ORD005741,606.22,Product_10,4,completed,2424.88,2024,8,31
Clothing,Cantho,CUST0694,2024-11-25,ORD005742,260.77,Product_79,2,cancelled,521.54,2024,11,25
Books,Danang,CUST0852,2024-10-18,ORD005743,201.22,Product_24,7,cancelled,1408.54,2024,10,18
Books,HCM,CUST0713,2024-03-21,ORD005744,184.79,Product_19,5,pending,923.9499999999999,2024,3,21
Food,Haiphong,CUST0452,2024-12-14,ORD005745,928.0,Product_27,1,completed,928.0,2024,12,14
Electronics,Cantho,CUST0497,2024-11-20,ORD005746,658.19,Product_93,3,pending,1974.5700000000002,2024,11,20
Food,Hanoi,CUST0915,2024-01-14,ORD005747,220.58,Product_8,1,pending,220.58,2024,1,14
Electronics,HCM,CUST0741,2024-12-15,ORD005748,340.84,Product_51,9,pending,3067.56,2024,12,15
Clothing,Danang,CUST0682,2024-12-18,ORD005749,635.24,Product_39,10,completed,6352.4,2024,12,18
Toys,HCM,CUST0881,2024-06-16,ORD005750,906.01,Product_70,5,completed,4530.05,2024,6,16
Books,HCM,CUST0371,2024-02-25,ORD005751,453.63,Product_15,10,completed,4536.3,2024,2,25
Food,Haiphong,CUST0640,2024-10-30,ORD005752,731.5,Product_41,2,cancelled,1463.0,2024,10,30
Toys,Haiphong,CUST0047,2024-05-30,ORD005753,222.79,Product_51,5,cancelled,1113.95,2024,5,30
Food,Hanoi,CUST0822,2024-06-23,ORD005754,251.76,Product_7,10,completed,2517.6,2024,6,23
Electronics,Haiphong,CUST0674,2024-01-23,ORD005755,498.39,Product_44,9,pending,4485.51,2024,1,23
Electronics,Cantho,CUST0144,2024-12-08,ORD005756,192.11,Product_52,4,completed,768.44,2024,12,8
Clothing,HCM,CUST0974,2024-03-21,ORD005757,603.98,Product_52,1,completed,603.98,2024,3,21
Books,Hanoi,CUST0520,2024-03-02,ORD005758,673.35,Product_27,1,cancelled,673.35,2024,3,2
Electronics,Hanoi,CUST0715,2024-10-03,ORD005759,991.34,Product_27,6,cancelled,5948.04,2024,10,3
Toys,Cantho,CUST0015,2024-02-09,ORD005760,323.73,Product_33,9,pending,2913.57,2024,2,9
Toys,Hanoi,CUST0692,2024-05-28,ORD005761,557.93,Product_96,1,cancelled,557.93,2024,5,28
Food,Danang,CUST0063,2024-08-29,ORD005762,802.64,Product_39,6,pending,4815.84,2024,8,29
Clothing,Danang,CUST0652,2024-12-30,ORD005763,416.68,Product_90,10,pending,4166.8,2024,12,30
Books,Danang,CUST0697,2024-08-20,ORD005764,302.75,Product_48,8,completed,2422.0,2024,8,20
Food,HCM,CUST0455,2024-01-02,ORD005765,220.74,Product_4,7,pending,1545.18,2024,1,2
Food,HCM,CUST0907,2024-09-09,ORD005766,574.64,Product_16,10,completed,5746.4,2024,9,9
Food,Haiphong,CUST0909,2024-11-26,ORD005767,545.76,Product_59,4,completed,2183.04,2024,11,26
Food,Cantho,CUST0645,2024-02-26,ORD005768,41.02,Product_55,6,cancelled,246.12,2024,2,26
Books,Danang,CUST0669,2024-10-14,ORD005769,177.12,Product_70,4,cancelled,708.48,2024,10,14
Clothing,Danang,CUST0696,2024-07-26,ORD005770,289.94,Product_55,9,pending,2609.46,2024,7,26
Clothing,Haiphong,CUST0420,2024-11-17,ORD005771,148.52,Product_5,9,completed,1336.68,2024,11,17
Toys,Danang,CUST0436,2024-04-07,ORD005772,834.79,Product_54,2,completed,1669.58,2024,4,7
Toys,Haiphong,CUST0567,2024-10-16,ORD005773,230.51,Product_17,3,pending,691.53,2024,10,16
Electronics,Cantho,CUST0877,2024-05-24,ORD005774,151.94,Product_86,7,pending,1063.58,2024,5,24
Electronics,Danang,CUST0027,2024-06-04,ORD005775,419.47,Product_58,3,cancelled,1258.41,2024,6,4
Clothing,HCM,CUST0450,2024-01-05,ORD005776,465.33,Product_16,6,cancelled,2791.98,2024,1,5
Books,Haiphong,CUST0668,2024-06-28,ORD005777,87.26,Product_21,2,pending,174.52,2024,6,28
Books,Danang,CUST0111,2024-06-01,ORD005778,766.44,Product_41,5,cancelled,3832.2000000000003,2024,6,1
Food,Cantho,CUST0929,2024-01-16,ORD005779,142.5,Product_57,1,cancelled,142.5,2024,1,16
Books,HCM,CUST0113,2024-01-30,ORD005780,482.42,Product_88,3,cancelled,1447.26,2024,1,30
Food,Haiphong,CUST0629,2024-07-02,ORD005781,476.02,Product_7,9,pending,4284.18,2024,7,2
Toys,Hanoi,CUST0513,2024-09-20,ORD005782,22.78,Product_75,6,completed,136.68,2024,9,20
Clothing,Cantho,CUST0997,2024-04-22,ORD005783,910.4,Product_74,9,pending,8193.6,2024,4,22
Electronics,Hanoi,CUST0271,2024-03-27,ORD005784,593.47,Product_85,4,cancelled,2373.88,2024,3,27
Food,Cantho,CUST0140,2024-12-02,ORD005785,576.99,Product_12,4,cancelled,2307.96,2024,12,2
Books,HCM,CUST0622,2024-10-18,ORD005786,992.16,Product_18,10,pending,9921.6,2024,10,18
Electronics,HCM,CUST0400,2024-04-12,ORD005787,219.97,Product_68,10,cancelled,2199.7,2024,4,12
Clothing,Danang,CUST0343,2024-09-01,ORD005788,356.24,Product_53,5,pending,1781.2,2024,9,1
Food,Cantho,CUST0923,2024-12-10,ORD005789,356.4,Product_75,4,completed,1425.6,2024,12,10
Food,Hanoi,CUST0297,2024-11-20,ORD005790,305.43,Product_9,7,cancelled,2138.01,2024,11,20
Toys,Haiphong,CUST0662,2024-10-19,ORD005791,341.71,Product_34,5,completed,1708.55,2024,10,19
Clothing,HCM,CUST0719,2024-06-18,ORD005792,857.48,Product_46,8,cancelled,6859.84,2024,6,18
Food,HCM,CUST0558,2024-05-06,ORD005793,652.24,Product_73,7,cancelled,4565.68,2024,5,6
Clothing,Cantho,CUST0705,2024-01-23,ORD005794,222.36,Product_45,10,cancelled,2223.6000000000004,2024,1,23
Toys,Cantho,CUST0468,2024-01-04,ORD005795,508.12,Product_78,9,cancelled,4573.08,2024,1,4
Electronics,Cantho,CUST0963,2024-04-15,ORD005796,641.72,Product_57,7,cancelled,4492.04,2024,4,15
Books,HCM,CUST0130,2024-01-06,ORD005797,43.75,Product_23,5,cancelled,218.75,2024,1,6
Toys,Danang,CUST0050,2024-05-24,ORD005798,645.5,Product_1,10,cancelled,6455.0,2024,5,24
Food,Cantho,CUST0684,2024-02-11,ORD005799,142.54,Product_5,9,pending,1282.86,2024,2,11
Books,HCM,CUST0980,2024-10-03,ORD005800,646.3,Product_75,10,completed,6463.0,2024,10,3
Toys,HCM,CUST0889,2024-10-08,ORD005801,516.97,Product_50,3,cancelled,1550.91,2024,10,8
Electronics,Danang,CUST0175,2024-06-25,ORD005802,582.15,Product_21,2,completed,1164.3,2024,6,25
Clothing,Cantho,CUST0238,2024-09-17,ORD005803,911.01,Product_99,6,pending,5466.0599999999995,2024,9,17
Food,Hanoi,CUST0458,2024-11-01,ORD005804,967.52,Product_33,5,pending,4837.6,2024,11,1
Books,HCM,CUST0613,2024-03-23,ORD005805,278.07,Product_11,9,completed,2502.63,2024,3,23
Books,HCM,CUST0969,2024-05-26,ORD005806,271.39,Product_93,9,pending,2442.5099999999998,2024,5,26
Clothing,Hanoi,CUST0083,2024-07-17,ORD005807,202.17,Product_42,5,pending,1010.8499999999999,2024,7,17
Electronics,HCM,CUST0395,2024-05-09,ORD005808,44.07,Product_6,3,completed,132.21,2024,5,9
Clothing,Hanoi,CUST0085,2024-08-06,ORD005809,49.84,Product_15,2,completed,99.68,2024,8,6
Books,Hanoi,CUST0305,2024-10-25,ORD005810,102.93,Product_73,4,completed,411.72,2024,10,25
Electronics,HCM,CUST0624,2024-12-13,ORD005811,696.94,Product_68,10,completed,6969.400000000001,2024,12,13
Electronics,HCM,CUST0321,2024-04-02,ORD005812,663.47,Product_17,3,cancelled,1990.41,2024,4,2
Clothing,HCM,CUST0302,2024-12-09,ORD005813,572.81,Product_62,5,pending,2864.0499999999997,2024,12,9
Books,Hanoi,CUST0270,2024-12-31,ORD005814,319.7,Product_38,1,pending,319.7,2024,12,31
Toys,Danang,CUST0745,2024-04-13,ORD005815,193.83,Product_85,5,pending,969.1500000000001,2024,4,13
Electronics,HCM,CUST0789,2024-01-07,ORD005816,703.38,Product_27,3,cancelled,2110.14,2024,1,7
Food,HCM,CUST0049,2024-01-30,ORD005817,604.95,Product_23,9,completed,5444.55,2024,1,30
Clothing,Danang,CUST0219,2024-07-28,ORD005818,330.67,Product_13,4,cancelled,1322.68,2024,7,28
Toys,Haiphong,CUST0642,2024-12-03,ORD005819,229.56,Product_36,2,cancelled,459.12,2024,12,3
Toys,Haiphong,CUST0374,2024-07-26,ORD005820,594.15,Product_16,3,completed,1782.4499999999998,2024,7,26
Electronics,Danang,CUST0411,2024-11-14,ORD005821,797.95,Product_89,2,pending,1595.9,2024,11,14
Toys,HCM,CUST0435,2024-06-18,ORD005822,769.27,Product_96,3,completed,2307.81,2024,6,18
Electronics,HCM,CUST0070,2024-01-17,ORD005823,553.37,Product_13,6,cancelled,3320.2200000000003,2024,1,17
Electronics,Danang,CUST0976,2024-06-13,ORD005824,913.91,Product_30,10,pending,9139.1,2024,6,13
Toys,HCM,CUST0918,2024-05-18,ORD005825,994.31,Product_42,9,pending,8948.789999999999,2024,5,18
Books,Cantho,CUST0039,2024-05-18,ORD005826,587.69,Product_96,2,pending,1175.38,2024,5,18
Electronics,Danang,CUST0616,2024-03-03,ORD005827,598.85,Product_8,7,completed,4191.95,2024,3,3
Clothing,Hanoi,CUST0797,2024-03-12,ORD005828,328.64,Product_71,10,pending,3286.3999999999996,2024,3,12
Books,Cantho,CUST0137,2024-03-07,ORD005829,821.98,Product_24,4,completed,3287.92,2024,3,7
Electronics,HCM,CUST0103,2024-02-03,ORD005830,702.46,Product_12,10,completed,7024.6,2024,2,3
Food,Haiphong,CUST0938,2024-04-05,ORD005831,746.84,Product_27,2,completed,1493.68,2024,4,5
Food,Hanoi,CUST0169,2024-05-22,ORD005832,320.63,Product_73,9,cancelled,2885.67,2024,5,22
Electronics,Hanoi,CUST0965,2024-03-17,ORD005833,227.21,Product_26,5,cancelled,1136.05,2024,3,17
Food,Cantho,CUST0014,2024-01-04,ORD005834,859.27,Product_80,7,completed,6014.889999999999,2024,1,4
Clothing,HCM,CUST0005,2024-07-14,ORD005835,822.73,Product_43,10,pending,8227.3,2024,7,14
Electronics,HCM,CUST0076,2024-12-29,ORD005836,39.82,Product_2,6,cancelled,238.92000000000002,2024,12,29
Electronics,HCM,CUST0623,2024-01-14,ORD005837,304.81,Product_17,7,cancelled,2133.67,2024,1,14
Electronics,Haiphong,CUST0213,2024-08-21,ORD005838,546.32,Product_50,5,completed,2731.6000000000004,2024,8,21
Food,Cantho,CUST0164,2024-12-14,ORD005839,39.53,Product_24,3,cancelled,118.59,2024,12,14
Books,Danang,CUST0848,2024-01-25,ORD005840,104.59,Product_57,10,cancelled,1045.9,2024,1,25
Electronics,HCM,CUST0789,2024-02-12,ORD005841,297.85,Product_13,7,pending,2084.9500000000003,2024,2,12
Clothing,Danang,CUST0376,2024-07-21,ORD005842,175.1,Product_64,2,cancelled,350.2,2024,7,21
Electronics,Cantho,CUST0417,2024-05-31,ORD005843,166.58,Product_62,2,completed,333.16,2024,5,31
Clothing,Cantho,CUST0447,2024-11-16,ORD005844,928.83,Product_40,4,pending,3715.32,2024,11,16
Books,HCM,CUST0529,2024-10-29,ORD005845,790.91,Product_3,4,cancelled,3163.64,2024,10,29
Toys,Hanoi,CUST0978,2024-04-13,ORD005846,998.5,Product_100,9,pending,8986.5,2024,4,13
Books,Danang,CUST0995,2024-05-26,ORD005847,690.51,Product_53,1,cancelled,690.51,2024,5,26
Electronics,Cantho,CUST0444,2024-11-14,ORD005848,201.59,Product_61,10,pending,2015.9,2024,11,14
Books,Cantho,CUST0703,2024-06-22,ORD005849,202.07,Product_89,1,completed,202.07,2024,6,22
Electronics,Hanoi,CUST0780,2024-04-10,ORD005850,120.29,Product_70,7,cancelled,842.0300000000001,2024,4,10
Electronics,HCM,CUST0378,2024-10-09,ORD005851,616.18,Product_14,1,completed,616.18,2024,10,9
Electronics,Danang,CUST0122,2024-07-09,ORD005852,583.7,Product_57,5,completed,2918.5,2024,7,9
Books,Danang,CUST0473,2024-08-09,ORD005853,121.12,Product_1,7,cancelled,847.84,2024,8,9
Food,Danang,CUST0191,2024-11-15,ORD005854,943.72,Product_62,8,cancelled,7549.76,2024,11,15
Toys,Danang,CUST0322,2024-03-03,ORD005855,985.02,Product_69,3,pending,2955.06,2024,3,3
Food,Danang,CUST0823,2024-12-24,ORD005856,70.02,Product_69,8,pending,560.16,2024,12,24
Books,Hanoi,CUST0280,2024-02-08,ORD005857,913.12,Product_82,6,pending,5478.72,2024,2,8
Food,Cantho,CUST0534,2024-07-30,ORD005858,324.24,Product_53,3,pending,972.72,2024,7,30
Books,HCM,CUST0643,2024-10-19,ORD005859,936.93,Product_11,2,completed,1873.86,2024,10,19
Toys,Cantho,CUST0574,2024-10-06,ORD005860,19.76,Product_60,2,completed,39.52,2024,10,6
Clothing,Haiphong,CUST0267,2024-03-28,ORD005861,312.56,Product_59,5,cancelled,1562.8,2024,3,28
Food,Cantho,CUST0487,2024-12-14,ORD005862,235.87,Product_10,2,cancelled,471.74,2024,12,14
Clothing,Cantho,CUST0612,2024-07-13,ORD005863,624.19,Product_16,5,cancelled,3120.9500000000003,2024,7,13
Electronics,Hanoi,CUST0137,2024-07-17,ORD005864,706.99,Product_8,6,cancelled,4241.9400000000005,2024,7,17
Toys,Haiphong,CUST0970,2024-02-13,ORD005865,619.3,Product_95,3,completed,1857.8999999999999,2024,2,13
Clothing,Cantho,CUST0344,2024-07-10,ORD005866,295.02,Product_17,10,completed,2950.2,2024,7,10
Toys,Cantho,CUST0483,2024-07-03,ORD005867,23.02,Product_33,9,completed,207.18,2024,7,3
Food,Cantho,CUST0358,2024-03-27,ORD005868,116.71,Product_70,3,completed,350.13,2024,3,27
Clothing,Hanoi,CUST0564,2024-02-20,ORD005869,73.42,Product_46,4,pending,293.68,2024,2,20
Electronics,Danang,CUST0313,2024-11-09,ORD005870,257.54,Product_20,2,pending,515.08,2024,11,9
Toys,Haiphong,CUST0912,2024-11-14,ORD005871,478.8,Product_37,10,completed,4788.0,2024,11,14
Toys,Cantho,CUST0796,2024-11-18,ORD005872,298.79,Product_3,3,cancelled,896.3700000000001,2024,11,18
Electronics,Danang,CUST0567,2024-11-03,ORD005873,340.02,Product_66,10,pending,3400.2,2024,11,3
Toys,HCM,CUST0611,2024-08-21,ORD005874,274.55,Product_43,4,pending,1098.2,2024,8,21
Food,Cantho,CUST0545,2024-09-05,ORD005875,108.08,Product_56,5,completed,540.4,2024,9,5
Electronics,HCM,CUST0170,2024-07-17,ORD005876,651.61,Product_17,7,completed,4561.27,2024,7,17
Electronics,HCM,CUST0226,2024-04-26,ORD005877,365.63,Product_95,1,cancelled,365.63,2024,4,26
Electronics,Danang,CUST0827,2024-02-14,ORD005878,714.53,Product_54,5,cancelled,3572.6499999999996,2024,2,14
Clothing,Hanoi,CUST0540,2024-03-10,ORD005879,968.39,Product_98,5,cancelled,4841.95,2024,3,10
Toys,Danang,CUST0252,2024-11-04,ORD005880,487.73,Product_42,6,cancelled,2926.38,2024,11,4
Electronics,Haiphong,CUST0752,2024-04-26,ORD005881,134.79,Product_16,3,pending,404.37,2024,4,26
Electronics,Danang,CUST0321,2024-05-29,ORD005882,735.22,Product_84,4,completed,2940.88,2024,5,29
Books,Hanoi,CUST0029,2024-11-06,ORD005883,867.47,Product_19,2,cancelled,1734.94,2024,11,6
Toys,Hanoi,CUST0008,2024-12-26,ORD005884,360.69,Product_88,8,pending,2885.52,2024,12,26
Electronics,Hanoi,CUST0488,2024-04-15,ORD005885,471.96,Product_90,6,completed,2831.7599999999998,2024,4,15
Books,Haiphong,CUST0074,2024-12-19,ORD005886,620.53,Product_43,7,pending,4343.71,2024,12,19
Food,Haiphong,CUST0088,2024-11-27,ORD005887,242.2,Product_47,2,pending,484.4,2024,11,27
Food,Danang,CUST0021,2024-03-24,ORD005888,573.09,Product_44,1,completed,573.09,2024,3,24
Food,Cantho,CUST0744,2024-06-07,ORD005889,738.72,Product_86,10,completed,7387.200000000001,2024,6,7
Clothing,HCM,CUST0363,2024-06-10,ORD005890,52.78,Product_69,5,completed,263.9,2024,6,10
Books,Cantho,CUST0472,2024-09-15,ORD005891,260.42,Product_21,10,pending,2604.2000000000003,2024,9,15
Electronics,Hanoi,CUST0945,2024-05-22,ORD005892,688.36,Product_35,6,cancelled,4130.16,2024,5,22
Books,Haiphong,CUST0378,2024-07-11,ORD005893,914.5,Product_36,4,pending,3658.0,2024,7,11
Books,Danang,CUST0457,2024-06-26,ORD005894,351.15,Product_53,2,pending,702.3,2024,6,26
Food,HCM,CUST0071,2024-02-07,ORD005895,884.72,Product_49,7,cancelled,6193.04,2024,2,7
Books,Haiphong,CUST0102,2024-09-18,ORD005896,120.58,Product_21,7,completed,844.06,2024,9,18
Toys,Danang,CUST0742,2024-05-21,ORD005897,896.24,Product_41,1,cancelled,896.24,2024,5,21
Food,Danang,CUST0585,2024-03-20,ORD005898,177.65,Product_27,3,pending,532.95,2024,3,20
Toys,Danang,CUST0500,2024-03-25,ORD005899,247.29,Product_19,10,pending,2472.9,2024,3,25
Toys,Haiphong,CUST0043,2024-01-27,ORD005900,817.53,Product_77,2,pending,1635.06,2024,1,27
Food,Hanoi,CUST0363,2024-04-15,ORD005901,998.75,Product_7,10,pending,9987.5,2024,4,15
Toys,HCM,CUST0827,2024-03-28,ORD005902,240.02,Product_66,7,pending,1680.14,2024,3,28
Food,Cantho,CUST0834,2024-02-19,ORD005903,991.17,Product_82,6,pending,5947.0199999999995,2024,2,19
Electronics,Cantho,CUST0885,2024-07-12,ORD005904,319.54,Product_22,5,completed,1597.7,2024,7,12
Clothing,Haiphong,CUST0501,2024-05-09,ORD005905,209.97,Product_98,5,completed,1049.85,2024,5,9
Electronics,HCM,CUST0380,2024-05-06,ORD005906,510.41,Product_54,1,cancelled,510.41,2024,5,6
Clothing,Hanoi,CUST0703,2024-04-24,ORD005907,288.9,Product_29,6,completed,1733.3999999999999,2024,4,24
Toys,Hanoi,CUST0316,2024-07-08,ORD005908,75.22,Product_80,1,pending,75.22,2024,7,8
Clothing,HCM,CUST0111,2024-09-21,ORD005909,898.21,Product_49,6,completed,5389.26,2024,9,21
Toys,Hanoi,CUST0415,2024-12-31,ORD005910,904.68,Product_68,8,pending,7237.44,2024,12,31
Food,Hanoi,CUST0725,2024-12-25,ORD005911,74.58,Product_99,3,pending,223.74,2024,12,25
Toys,HCM,CUST0867,2024-12-03,ORD005912,204.89,Product_40,5,pending,1024.4499999999998,2024,12,3
Clothing,Cantho,CUST0389,2024-12-07,ORD005913,245.24,Product_96,9,pending,2207.16,2024,12,7
Clothing,Haiphong,CUST0277,2024-07-28,ORD005914,694.3,Product_26,7,cancelled,4860.099999999999,2024,7,28
Electronics,Cantho,CUST0264,2024-09-28,ORD005915,969.97,Product_74,9,completed,8729.73,2024,9,28
Books,Cantho,CUST0460,2024-12-07,ORD005916,154.83,Product_44,3,cancelled,464.49,2024,12,7
Clothing,HCM,CUST0829,2024-09-06,ORD005917,753.83,Product_9,7,completed,5276.81,2024,9,6
Toys,Haiphong,CUST0989,2024-04-19,ORD005918,556.66,Product_48,4,pending,2226.64,2024,4,19
Electronics,Hanoi,CUST0548,2024-03-09,ORD005919,972.47,Product_81,9,cancelled,8752.23,2024,3,9
Clothing,HCM,CUST0761,2024-06-27,ORD005920,548.7,Product_57,9,completed,4938.3,2024,6,27
Books,Hanoi,CUST0779,2024-05-11,ORD005921,437.99,Product_24,2,completed,875.98,2024,5,11
Clothing,Haiphong,CUST0909,2024-11-27,ORD005922,230.94,Product_50,1,pending,230.94,2024,11,27
Clothing,Haiphong,CUST0455,2024-08-08,ORD005923,574.67,Product_63,6,completed,3448.0199999999995,2024,8,8
Clothing,Haiphong,CUST0862,2024-02-03,ORD005924,45.45,Product_20,9,pending,409.05,2024,2,3
Clothing,Cantho,CUST0039,2024-06-12,ORD005925,413.61,Product_3,9,completed,3722.4900000000002,2024,6,12
Books,Hanoi,CUST0943,2024-10-02,ORD005926,960.41,Product_9,8,pending,7683.28,2024,10,2
Food,Cantho,CUST0331,2024-09-05,ORD005927,554.24,Product_79,2,cancelled,1108.48,2024,9,5
Food,HCM,CUST0077,2024-02-03,ORD005928,179.71,Product_75,5,cancelled,898.5500000000001,2024,2,3
Books,Danang,CUST0601,2024-01-10,ORD005929,419.57,Product_68,4,completed,1678.28,2024,1,10
Food,Haiphong,CUST0464,2024-12-22,ORD005930,718.27,Product_30,10,completed,7182.7,2024,12,22
Electronics,Danang,CUST0033,2024-10-02,ORD005931,393.24,Product_36,10,completed,3932.4,2024,10,2
Food,HCM,CUST0903,2024-03-25,ORD005932,290.96,Product_92,9,completed,2618.64,2024,3,25
Books,Haiphong,CUST0753,2024-07-27,ORD005933,474.71,Product_88,2,completed,949.42,2024,7,27
Books,Hanoi,CUST0777,2024-12-31,ORD005934,801.64,Product_8,7,completed,5611.48,2024,12,31
Electronics,Hanoi,CUST0712,2024-02-18,ORD005935,177.68,Product_85,6,pending,1066.08,2024,2,18
Electronics,Cantho,CUST0411,2024-04-09,ORD005936,606.05,Product_40,9,completed,5454.45,2024,4,9
Electronics,Danang,CUST0109,2024-01-09,ORD005937,109.9,Product_62,3,pending,329.70000000000005,2024,1,9
Clothing,HCM,CUST0800,2024-08-28,ORD005938,307.7,Product_58,5,completed,1538.5,2024,8,28
Electronics,HCM,CUST0590,2024-01-17,ORD005939,201.29,Product_35,4,completed,805.16,2024,1,17
Food,Haiphong,CUST0150,2024-05-26,ORD005940,276.61,Product_86,4,cancelled,1106.44,2024,5,26
Electronics,Hanoi,CUST0071,2024-03-09,ORD005941,732.8,Product_36,4,pending,2931.2,2024,3,9
Food,Cantho,CUST0574,2024-10-21,ORD005942,845.46,Product_79,5,completed,4227.3,2024,10,21
Electronics,Hanoi,CUST0957,2024-04-21,ORD005943,322.58,Product_6,8,cancelled,2580.64,2024,4,21
Toys,Cantho,CUST0242,2024-12-30,ORD005944,79.64,Product_72,8,completed,637.12,2024,12,30
Toys,HCM,CUST0529,2024-03-25,ORD005945,843.22,Product_97,5,cancelled,4216.1,2024,3,25
Books,Haiphong,CUST0481,2024-10-13,ORD005946,196.65,Product_72,7,completed,1376.55,2024,10,13
Electronics,Cantho,CUST0881,2024-04-02,ORD005947,897.75,Product_6,2,completed,1795.5,2024,4,2
Books,Hanoi,CUST0822,2024-07-20,ORD005948,268.76,Product_49,5,pending,1343.8,2024,7,20
Toys,Danang,CUST0256,2024-09-19,ORD005949,862.63,Product_98,8,cancelled,6901.04,2024,9,19
Electronics,Hanoi,CUST0934,2024-03-03,ORD005950,454.16,Product_25,2,completed,908.32,2024,3,3
Clothing,Hanoi,CUST0175,2024-08-10,ORD005951,916.05,Product_75,2,cancelled,1832.1,2024,8,10
Books,Hanoi,CUST0598,2024-08-16,ORD005952,484.1,Product_85,9,completed,4356.900000000001,2024,8,16
Toys,HCM,CUST0549,2024-10-03,ORD005953,111.2,Product_82,2,cancelled,222.4,2024,10,3
Toys,Cantho,CUST0327,2024-10-17,ORD005954,406.21,Product_28,10,pending,4062.1,2024,10,17
Clothing,Haiphong,CUST0227,2024-07-21,ORD005955,738.95,Product_67,7,cancelled,5172.650000000001,2024,7,21
Books,Haiphong,CUST0310,2024-03-06,ORD005956,942.18,Product_11,3,cancelled,2826.54,2024,3,6
Electronics,Danang,CUST0351,2024-02-14,ORD005957,644.97,Product_47,5,pending,3224.8500000000004,2024,2,14
Electronics,Danang,CUST0640,2024-05-14,ORD005958,652.1,Product_94,3,cancelled,1956.3000000000002,2024,5,14
Food,Cantho,CUST0457,2024-07-13,ORD005959,961.86,Product_72,6,cancelled,5771.16,2024,7,13
Food,HCM,CUST0240,2024-08-05,ORD005960,83.34,Product_52,10,cancelled,833.4000000000001,2024,8,5
Clothing,HCM,CUST0010,2024-10-25,ORD005961,34.71,Product_24,4,pending,138.84,2024,10,25
Books,Hanoi,CUST0667,2024-06-01,ORD005962,281.63,Product_100,2,pending,563.26,2024,6,1
Electronics,Cantho,CUST0897,2024-10-19,ORD005963,982.9,Product_90,8,pending,7863.2,2024,10,19
Books,HCM,CUST0301,2024-01-13,ORD005964,382.24,Product_14,2,cancelled,764.48,2024,1,13
Toys,Cantho,CUST0728,2024-01-18,ORD005965,310.77,Product_25,2,completed,621.54,2024,1,18
Books,Haiphong,CUST0196,2024-09-24,ORD005966,285.02,Product_13,2,pending,570.04,2024,9,24
Electronics,Cantho,CUST0472,2024-10-09,ORD005967,34.82,Product_53,8,pending,278.56,2024,10,9
Food,Danang,CUST0433,2024-06-15,ORD005968,983.8,Product_77,3,completed,2951.3999999999996,2024,6,15
Books,HCM,CUST0706,2024-02-09,ORD005969,704.93,Product_57,9,cancelled,6344.37,2024,2,9
Toys,Cantho,CUST0005,2024-01-08,ORD005970,664.05,Product_5,6,completed,3984.2999999999997,2024,1,8
Food,Haiphong,CUST0502,2024-09-12,ORD005971,544.67,Product_99,2,completed,1089.34,2024,9,12
Electronics,Cantho,CUST0671,2024-03-06,ORD005972,237.8,Product_82,7,completed,1664.6000000000001,2024,3,6
Clothing,HCM,CUST0032,2024-01-04,ORD005973,792.54,Product_3,7,completed,5547.78,2024,1,4
Books,Danang,CUST0549,2024-05-04,ORD005974,890.32,Product_30,10,pending,8903.2,2024,5,4
Food,Haiphong,CUST0193,2024-07-29,ORD005975,42.29,Product_15,1,completed,42.29,2024,7,29
Toys,Cantho,CUST0046,2024-08-31,ORD005976,747.78,Product_86,9,pending,6730.0199999999995,2024,8,31
Food,Hanoi,CUST0811,2024-06-18,ORD005977,213.4,Product_32,10,cancelled,2134.0,2024,6,18
Toys,Hanoi,CUST0602,2024-10-19,ORD005978,119.45,Product_68,9,cancelled,1075.05,2024,10,19
Books,Cantho,CUST0912,2024-11-22,ORD005979,109.2,Product_31,1,completed,109.2,2024,11,22
Toys,Danang,CUST0546,2024-04-06,ORD005980,678.84,Product_30,2,completed,1357.68,2024,4,6
Electronics,Danang,CUST0687,2024-03-19,ORD005981,181.24,Product_96,9,pending,1631.16,2024,3,19
Food,Danang,CUST0918,2024-02-07,ORD005982,298.02,Product_50,7,completed,2086.14,2024,2,7
Clothing,Cantho,CUST0215,2024-11-16,ORD005983,997.38,Product_11,1,pending,997.38,2024,11,16
Toys,HCM,CUST0032,2024-04-03,ORD005984,349.2,Product_42,5,cancelled,1746.0,2024,4,3
Clothing,Cantho,CUST0614,2024-10-13,ORD005985,911.32,Product_10,5,pending,4556.6,2024,10,13
Food,Danang,CUST0401,2024-03-10,ORD005986,708.26,Product_40,5,pending,3541.3,2024,3,10
Books,Cantho,CUST0404,2024-05-18,ORD005987,870.11,Product_91,2,completed,1740.22,2024,5,18
Toys,HCM,CUST0362,2024-12-21,ORD005988,538.62,Product_86,7,pending,3770.34,2024,12,21
Books,Cantho,CUST0202,2024-05-25,ORD005989,736.52,Product_63,10,completed,7365.2,2024,5,25
Food,Cantho,CUST0930,2024-12-23,ORD005990,517.13,Product_39,2,completed,1034.26,2024,12,23
Electronics,Hanoi,CUST0047,2024-04-13,ORD005991,764.32,Product_94,1,pending,764.32,2024,4,13
Clothing,Cantho,CUST0878,2024-12-10,ORD005992,360.93,Product_55,6,cancelled,2165.58,2024,12,10
Toys,Danang,CUST0122,2024-10-04,ORD005993,748.13,Product_13,4,pending,2992.52,2024,10,4
Food,Haiphong,CUST0438,2024-09-12,ORD005994,391.26,Product_73,10,cancelled,3912.6,2024,9,12
Books,Danang,CUST0432,2024-08-02,ORD005995,814.9,Product_26,4,completed,3259.6,2024,8,2
Electronics,HCM,CUST0359,2024-08-07,ORD005996,987.27,Product_69,7,cancelled,6910.889999999999,2024,8,7
Clothing,HCM,CUST0439,2024-10-05,ORD005997,885.23,Product_84,5,pending,4426.15,2024,10,5
Food,HCM,CUST0125,2024-04-23,ORD005998,785.6,Product_10,1,cancelled,785.6,2024,4,23
Toys,Haiphong,CUST0921,2024-08-16,ORD005999,855.42,Product_18,2,completed,1710.84,2024,8,16
Books,HCM,CUST0856,2024-03-11,ORD006000,91.09,Product_17,7,pending,637.63,2024,3,11
Toys,Hanoi,CUST0617,2024-01-26,ORD006001,163.9,Product_98,10,completed,1639.0,2024,1,26
Food,Cantho,CUST0469,2024-08-06,ORD006002,960.18,Product_17,10,pending,9601.8,2024,8,6
Books,Hanoi,CUST0192,2024-09-06,ORD006003,457.5,Product_75,5,pending,2287.5,2024,9,6
Clothing,Haiphong,CUST0323,2024-06-28,ORD006004,345.6,Product_71,2,completed,691.2,2024,6,28
Food,Danang,CUST0868,2024-05-07,ORD006005,177.66,Product_99,3,completed,532.98,2024,5,7
Clothing,Danang,CUST0905,2024-04-29,ORD006006,175.31,Product_65,8,pending,1402.48,2024,4,29
Toys,HCM,CUST0064,2024-02-14,ORD006007,652.13,Product_53,10,pending,6521.3,2024,2,14
Food,Danang,CUST0041,2024-03-15,ORD006008,66.48,Product_16,2,pending,132.96,2024,3,15
Clothing,HCM,CUST0422,2024-06-02,ORD006009,467.74,Product_100,3,pending,1403.22,2024,6,2
Electronics,Danang,CUST0530,2024-09-15,ORD006010,846.94,Product_93,1,cancelled,846.94,2024,9,15
Books,Danang,CUST0119,2024-08-25,ORD006011,38.26,Product_51,1,cancelled,38.26,2024,8,25
Electronics,Cantho,CUST0742,2024-02-13,ORD006012,783.27,Product_84,7,pending,5482.889999999999,2024,2,13
Clothing,Hanoi,CUST0229,2024-07-24,ORD006013,752.03,Product_59,5,completed,3760.1499999999996,2024,7,24
Toys,Danang,CUST0881,2024-11-19,ORD006014,531.02,Product_79,7,completed,3717.14,2024,11,19
Food,Danang,CUST0442,2024-05-20,ORD006015,813.79,Product_47,6,completed,4882.74,2024,5,20
Electronics,Haiphong,CUST0331,2024-04-28,ORD006016,694.46,Product_44,2,cancelled,1388.92,2024,4,28
Food,Danang,CUST0635,2024-11-30,ORD006017,509.32,Product_23,9,cancelled,4583.88,2024,11,30
Toys,Danang,CUST0288,2024-02-03,ORD006018,109.39,Product_9,4,pending,437.56,2024,2,3
Food,Hanoi,CUST1000,2024-07-04,ORD006019,763.95,Product_17,3,cancelled,2291.8500000000004,2024,7,4
Toys,Cantho,CUST0295,2024-05-22,ORD006020,767.58,Product_7,1,completed,767.58,2024,5,22
Books,Cantho,CUST0719,2024-05-28,ORD006021,918.95,Product_45,2,cancelled,1837.9,2024,5,28
Books,Haiphong,CUST0695,2024-12-19,ORD006022,935.36,Product_53,9,pending,8418.24,2024,12,19
Food,Hanoi,CUST0129,2024-05-29,ORD006023,909.58,Product_32,4,completed,3638.32,2024,5,29
Electronics,Hanoi,CUST0340,2024-06-25,ORD006024,783.58,Product_39,2,completed,1567.16,2024,6,25
Books,HCM,CUST0455,2024-11-28,ORD006025,448.39,Product_3,9,completed,4035.5099999999998,2024,11,28
Clothing,HCM,CUST0119,2024-12-30,ORD006026,952.09,Product_38,7,pending,6664.63,2024,12,30
Toys,Hanoi,CUST0094,2024-05-12,ORD006027,157.35,Product_90,10,cancelled,1573.5,2024,5,12
Electronics,Hanoi,CUST0310,2024-05-26,ORD006028,619.12,Product_71,1,pending,619.12,2024,5,26
Toys,Haiphong,CUST0267,2024-12-24,ORD006029,383.29,Product_55,9,pending,3449.61,2024,12,24
Toys,HCM,CUST0327,2024-03-23,ORD006030,727.37,Product_97,10,cancelled,7273.7,2024,3,23
Food,Hanoi,CUST0814,2024-05-08,ORD006031,422.48,Product_37,8,cancelled,3379.84,2024,5,8
Clothing,Hanoi,CUST0348,2024-03-18,ORD006032,267.19,Product_6,1,pending,267.19,2024,3,18
Toys,Haiphong,CUST0762,2024-08-05,ORD006033,739.09,Product_77,5,completed,3695.4500000000003,2024,8,5
Toys,Cantho,CUST0489,2024-03-12,ORD006034,16.83,Product_74,9,pending,151.46999999999997,2024,3,12
Electronics,Hanoi,CUST0102,2024-08-13,ORD006035,681.29,Product_31,5,pending,3406.45,2024,8,13
Books,Danang,CUST0605,2024-04-11,ORD006036,562.7,Product_4,9,pending,5064.3,2024,4,11
Clothing,Danang,CUST0399,2024-03-25,ORD006037,513.09,Product_86,2,cancelled,1026.18,2024,3,25
Toys,Hanoi,CUST0887,2024-03-26,ORD006038,167.73,Product_6,3,pending,503.18999999999994,2024,3,26
Toys,Haiphong,CUST0556,2024-10-12,ORD006039,332.49,Product_81,5,pending,1662.45,2024,10,12
Toys,Hanoi,CUST0160,2024-03-04,ORD006040,821.67,Product_70,5,cancelled,4108.349999999999,2024,3,4
Clothing,HCM,CUST0443,2024-12-16,ORD006041,989.78,Product_72,10,completed,9897.8,2024,12,16
Electronics,Haiphong,CUST0333,2024-07-05,ORD006042,26.18,Product_75,5,completed,130.9,2024,7,5
Toys,Haiphong,CUST0193,2024-07-11,ORD006043,49.54,Product_59,5,completed,247.7,2024,7,11
Clothing,Danang,CUST0242,2024-12-15,ORD006044,89.14,Product_83,5,pending,445.7,2024,12,15
Clothing,Cantho,CUST0636,2024-07-22,ORD006045,476.05,Product_31,5,cancelled,2380.25,2024,7,22
Food,Haiphong,CUST0409,2024-05-10,ORD006046,973.71,Product_57,8,completed,7789.68,2024,5,10
Clothing,Hanoi,CUST0751,2024-11-03,ORD006047,513.33,Product_46,7,completed,3593.3100000000004,2024,11,3
Clothing,Danang,CUST0887,2024-10-18,ORD006048,368.12,Product_82,10,pending,3681.2,2024,10,18
Books,Cantho,CUST0296,2024-08-29,ORD006049,859.88,Product_31,4,cancelled,3439.52,2024,8,29
Clothing,Danang,CUST0059,2024-11-10,ORD006050,932.29,Product_23,6,completed,5593.74,2024,11,10
Toys,Cantho,CUST0453,2024-01-08,ORD006051,970.33,Product_65,4,cancelled,3881.32,2024,1,8
Electronics,Danang,CUST0355,2024-06-24,ORD006052,304.07,Product_54,1,completed,304.07,2024,6,24
Books,Cantho,CUST0723,2024-12-12,ORD006053,13.33,Product_16,1,pending,13.33,2024,12,12
Toys,HCM,CUST0046,2024-02-08,ORD006054,56.67,Product_84,1,pending,56.67,2024,2,8
Electronics,Hanoi,CUST0341,2024-03-26,ORD006055,714.34,Product_2,6,pending,4286.04,2024,3,26
Food,Haiphong,CUST0503,2024-09-17,ORD006056,202.94,Product_21,1,completed,202.94,2024,9,17
Electronics,Haiphong,CUST0714,2024-06-04,ORD006057,434.43,Product_100,2,cancelled,868.86,2024,6,4
Toys,HCM,CUST0953,2024-09-25,ORD006058,391.42,Product_4,10,pending,3914.2000000000003,2024,9,25
Toys,Hanoi,CUST0870,2024-06-04,ORD006059,580.35,Product_75,10,pending,5803.5,2024,6,4
Toys,Hanoi,CUST0045,2024-10-05,ORD006060,292.08,Product_53,9,cancelled,2628.72,2024,10,5
Books,Hanoi,CUST0422,2024-05-17,ORD006061,595.22,Product_52,6,completed,3571.32,2024,5,17
Toys,HCM,CUST0837,2024-01-22,ORD006062,992.26,Product_72,3,cancelled,2976.7799999999997,2024,1,22
Food,Hanoi,CUST0917,2024-06-15,ORD006063,221.69,Product_40,6,pending,1330.1399999999999,2024,6,15
Clothing,HCM,CUST0233,2024-12-19,ORD006064,612.52,Product_22,9,completed,5512.68,2024,12,19
Electronics,Cantho,CUST0667,2024-04-03,ORD006065,748.13,Product_66,7,pending,5236.91,2024,4,3
Toys,Haiphong,CUST0185,2024-05-29,ORD006066,814.17,Product_49,7,completed,5699.19,2024,5,29
Clothing,Hanoi,CUST0833,2024-09-14,ORD006067,21.35,Product_45,10,completed,213.5,2024,9,14
Electronics,HCM,CUST0550,2024-12-24,ORD006068,119.95,Product_55,7,completed,839.65,2024,12,24
Food,Danang,CUST0763,2024-12-15,ORD006069,857.05,Product_18,8,pending,6856.4,2024,12,15
Books,HCM,CUST0449,2024-11-04,ORD006070,889.69,Product_74,10,completed,8896.900000000001,2024,11,4
Food,Haiphong,CUST0569,2024-10-21,ORD006071,394.36,Product_62,3,completed,1183.08,2024,10,21
Toys,Danang,CUST0608,2024-01-16,ORD006072,617.85,Product_39,9,completed,5560.650000000001,2024,1,16
Food,Hanoi,CUST0363,2024-06-26,ORD006073,627.81,Product_34,4,completed,2511.24,2024,6,26
Food,Haiphong,CUST0201,2024-04-19,ORD006074,247.35,Product_44,5,pending,1236.75,2024,4,19
Books,Cantho,CUST0566,2024-05-15,ORD006075,178.55,Product_65,8,completed,1428.4,2024,5,15
Toys,Haiphong,CUST0269,2024-03-06,ORD006076,542.95,Product_2,4,pending,2171.8,2024,3,6
Food,Danang,CUST0978,2024-11-23,ORD006077,776.47,Product_1,1,pending,776.47,2024,11,23
Clothing,Hanoi,CUST0666,2024-03-07,ORD006078,631.6,Product_9,9,completed,5684.400000000001,2024,3,7
Food,Danang,CUST0427,2024-08-13,ORD006079,961.73,Product_19,1,cancelled,961.73,2024,8,13
Food,Hanoi,CUST0792,2024-03-02,ORD006080,938.35,Product_53,7,pending,6568.45,2024,3,2
Food,Haiphong,CUST0776,2024-02-06,ORD006081,719.71,Product_55,3,completed,2159.13,2024,2,6
Clothing,Haiphong,CUST0393,2024-02-27,ORD006082,218.93,Product_41,7,cancelled,1532.51,2024,2,27
Books,Cantho,CUST0077,2024-07-26,ORD006083,324.44,Product_83,6,cancelled,1946.6399999999999,2024,7,26
Clothing,Haiphong,CUST0265,2024-06-20,ORD006084,486.47,Product_39,7,cancelled,3405.29,2024,6,20
Electronics,HCM,CUST0541,2024-02-13,ORD006085,714.54,Product_67,1,cancelled,714.54,2024,2,13
Books,Hanoi,CUST0504,2024-07-20,ORD006086,894.81,Product_42,2,pending,1789.62,2024,7,20
Clothing,Cantho,CUST0064,2024-03-05,ORD006087,282.82,Product_20,3,completed,848.46,2024,3,5
Books,Cantho,CUST0118,2024-01-09,ORD006088,300.63,Product_6,2,cancelled,601.26,2024,1,9
Books,Haiphong,CUST0628,2024-04-24,ORD006089,737.02,Product_99,7,pending,5159.139999999999,2024,4,24
Food,Hanoi,CUST0949,2024-07-06,ORD006090,229.8,Product_87,8,completed,1838.4,2024,7,6
Clothing,Haiphong,CUST0627,2024-07-17,ORD006091,498.51,Product_39,5,completed,2492.55,2024,7,17
Toys,HCM,CUST0676,2024-12-04,ORD006092,618.1,Product_39,8,pending,4944.8,2024,12,4
Electronics,Danang,CUST0647,2024-10-20,ORD006093,227.72,Product_4,5,pending,1138.6,2024,10,20
Books,Danang,CUST0363,2024-03-30,ORD006094,727.09,Product_44,2,pending,1454.18,2024,3,30
Toys,Cantho,CUST0352,2024-09-24,ORD006095,664.6,Product_56,9,pending,5981.400000000001,2024,9,24
Books,Danang,CUST0421,2024-02-11,ORD006096,25.85,Product_96,8,cancelled,206.8,2024,2,11
Clothing,HCM,CUST0805,2024-12-29,ORD006097,909.61,Product_89,1,completed,909.61,2024,12,29
Toys,Cantho,CUST0603,2024-01-03,ORD006098,361.41,Product_27,3,completed,1084.23,2024,1,3
Food,Haiphong,CUST0383,2024-11-11,ORD006099,512.34,Product_71,5,cancelled,2561.7000000000003,2024,11,11
Electronics,Hanoi,CUST0229,2024-09-23,ORD006100,307.45,Product_31,8,cancelled,2459.6,2024,9,23
Toys,Hanoi,CUST0138,2024-04-28,ORD006101,36.35,Product_6,4,completed,145.4,2024,4,28
Electronics,Danang,CUST0703,2024-03-05,ORD006102,905.33,Product_25,9,pending,8147.97,2024,3,5
Clothing,HCM,CUST0317,2024-05-05,ORD006103,467.22,Product_77,9,completed,4204.9800000000005,2024,5,5
Clothing,Hanoi,CUST0730,2024-02-28,ORD006104,596.66,Product_86,1,cancelled,596.66,2024,2,28
Toys,Haiphong,CUST0640,2024-10-09,ORD006105,966.88,Product_19,8,pending,7735.04,2024,10,9
Clothing,Cantho,CUST0936,2024-02-25,ORD006106,642.63,Product_29,5,pending,3213.15,2024,2,25
Books,Haiphong,CUST0969,2024-08-05,ORD006107,441.98,Product_59,7,pending,3093.86,2024,8,5
Electronics,Danang,CUST0756,2024-09-18,ORD006108,78.74,Product_44,1,pending,78.74,2024,9,18
Food,Hanoi,CUST0634,2024-05-11,ORD006109,987.35,Product_26,3,cancelled,2962.05,2024,5,11
Clothing,Danang,CUST0022,2024-08-10,ORD006110,342.82,Product_52,4,pending,1371.28,2024,8,10
Books,Haiphong,CUST0211,2024-03-09,ORD006111,972.66,Product_28,6,pending,5835.96,2024,3,9
Food,Haiphong,CUST0617,2024-04-17,ORD006112,671.79,Product_8,9,completed,6046.11,2024,4,17
Clothing,Hanoi,CUST0158,2024-05-20,ORD006113,224.46,Product_83,5,completed,1122.3,2024,5,20
Books,HCM,CUST0124,2024-01-25,ORD006114,932.05,Product_41,5,completed,4660.25,2024,1,25
Books,Danang,CUST0252,2024-11-17,ORD006115,563.3,Product_50,9,completed,5069.7,2024,11,17
Food,Hanoi,CUST0056,2024-11-08,ORD006116,106.16,Product_85,9,completed,955.4399999999999,2024,11,8
Food,HCM,CUST0161,2024-02-23,ORD006117,432.2,Product_68,4,completed,1728.8,2024,2,23
Clothing,Haiphong,CUST0906,2024-12-04,ORD006118,251.45,Product_60,8,pending,2011.6,2024,12,4
Food,HCM,CUST0654,2024-12-28,ORD006119,490.52,Product_81,6,pending,2943.12,2024,12,28
Clothing,HCM,CUST0062,2024-12-07,ORD006120,445.96,Product_26,4,completed,1783.84,2024,12,7
Books,Cantho,CUST0833,2024-07-19,ORD006121,809.22,Product_21,8,cancelled,6473.76,2024,7,19
Books,HCM,CUST0454,2024-07-17,ORD006122,508.41,Product_57,5,pending,2542.05,2024,7,17
Electronics,Cantho,CUST0316,2024-11-03,ORD006123,320.75,Product_66,5,cancelled,1603.75,2024,11,3
Books,Haiphong,CUST0838,2024-12-12,ORD006124,414.87,Product_97,1,pending,414.87,2024,12,12
Food,Cantho,CUST0858,2024-08-19,ORD006125,720.92,Product_75,7,cancelled,5046.44,2024,8,19
Electronics,Haiphong,CUST0331,2024-01-02,ORD006126,581.46,Product_87,8,completed,4651.68,2024,1,2
Toys,HCM,CUST0386,2024-06-24,ORD006127,433.17,Product_25,8,cancelled,3465.36,2024,6,24
Electronics,HCM,CUST0723,2024-04-27,ORD006128,346.68,Product_45,2,completed,693.36,2024,4,27
Clothing,Hanoi,CUST0844,2024-11-02,ORD006129,321.37,Product_91,3,pending,964.11,2024,11,2
Books,Cantho,CUST0143,2024-08-15,ORD006130,800.61,Product_36,4,pending,3202.44,2024,8,15
Food,Danang,CUST0192,2024-09-22,ORD006131,265.54,Product_26,7,pending,1858.7800000000002,2024,9,22
Food,Danang,CUST0803,2024-04-16,ORD006132,823.04,Product_9,10,pending,8230.4,2024,4,16
Clothing,Haiphong,CUST0558,2024-05-02,ORD006133,17.03,Product_92,6,pending,102.18,2024,5,2
Books,Danang,CUST0996,2024-03-06,ORD006134,516.21,Product_57,10,cancelled,5162.1,2024,3,6
Clothing,HCM,CUST0183,2024-09-27,ORD006135,610.49,Product_74,4,pending,2441.96,2024,9,27
Clothing,Haiphong,CUST0997,2024-08-31,ORD006136,585.12,Product_81,10,pending,5851.2,2024,8,31
Electronics,HCM,CUST0068,2024-12-17,ORD006137,230.19,Product_50,3,pending,690.5699999999999,2024,12,17
Clothing,HCM,CUST0092,2024-05-08,ORD006138,224.76,Product_75,9,cancelled,2022.84,2024,5,8
Food,Danang,CUST0766,2024-08-28,ORD006139,974.31,Product_31,4,cancelled,3897.24,2024,8,28
Electronics,Hanoi,CUST0686,2024-06-08,ORD006140,730.04,Product_62,1,cancelled,730.04,2024,6,8
Food,Haiphong,CUST0251,2024-01-10,ORD006141,774.82,Product_57,9,cancelled,6973.38,2024,1,10
Food,Danang,CUST0051,2024-09-20,ORD006142,154.65,Product_58,4,pending,618.6,2024,9,20
Electronics,Hanoi,CUST0796,2024-06-05,ORD006143,767.6,Product_43,2,completed,1535.2,2024,6,5
Clothing,Haiphong,CUST0117,2024-11-18,ORD006144,105.68,Product_30,4,cancelled,422.72,2024,11,18
Toys,Cantho,CUST0552,2024-10-29,ORD006145,98.0,Product_93,9,completed,882.0,2024,10,29
Toys,Hanoi,CUST0619,2024-10-12,ORD006146,759.24,Product_90,9,pending,6833.16,2024,10,12
Books,Cantho,CUST0982,2024-06-08,ORD006147,910.11,Product_77,8,cancelled,7280.88,2024,6,8
Electronics,Hanoi,CUST0966,2024-12-06,ORD006148,187.16,Product_71,10,pending,1871.6,2024,12,6
Toys,Danang,CUST0906,2024-10-20,ORD006149,931.88,Product_1,2,cancelled,1863.76,2024,10,20
Food,Cantho,CUST0966,2024-03-11,ORD006150,170.88,Product_14,8,pending,1367.04,2024,3,11
Food,Cantho,CUST0163,2024-01-26,ORD006151,205.76,Product_47,8,pending,1646.08,2024,1,26
Food,Hanoi,CUST0950,2024-08-05,ORD006152,504.62,Product_19,1,pending,504.62,2024,8,5
Electronics,Hanoi,CUST0464,2024-05-12,ORD006153,78.97,Product_11,10,cancelled,789.7,2024,5,12
Clothing,HCM,CUST0727,2024-12-02,ORD006154,963.46,Product_42,3,cancelled,2890.38,2024,12,2
Books,Haiphong,CUST0893,2024-10-06,ORD006155,327.16,Product_51,10,cancelled,3271.6000000000004,2024,10,6
Toys,Cantho,CUST0767,2024-02-18,ORD006156,616.88,Product_20,1,pending,616.88,2024,2,18
Food,Hanoi,CUST0592,2024-08-05,ORD006157,54.35,Product_92,2,completed,108.7,2024,8,5
Books,Danang,CUST0638,2024-11-14,ORD006158,195.05,Product_66,9,pending,1755.45,2024,11,14
Electronics,Danang,CUST0167,2024-01-20,ORD006159,394.67,Product_53,5,pending,1973.3500000000001,2024,1,20
Food,Haiphong,CUST0813,2024-06-25,ORD006160,35.46,Product_27,10,pending,354.6,2024,6,25
Toys,HCM,CUST0995,2024-01-30,ORD006161,378.7,Product_16,6,cancelled,2272.2,2024,1,30
Toys,Danang,CUST0801,2024-06-26,ORD006162,56.79,Product_100,1,completed,56.79,2024,6,26
Food,Cantho,CUST0755,2024-11-04,ORD006163,735.52,Product_10,9,cancelled,6619.68,2024,11,4
Food,Hanoi,CUST0868,2024-09-27,ORD006164,344.45,Product_48,7,pending,2411.15,2024,9,27
Electronics,Hanoi,CUST0386,2024-08-10,ORD006165,66.87,Product_41,5,pending,334.35,2024,8,10
Electronics,Haiphong,CUST0356,2024-08-23,ORD006166,728.13,Product_4,10,pending,7281.3,2024,8,23
Books,Haiphong,CUST0905,2024-10-25,ORD006167,511.53,Product_47,5,pending,2557.6499999999996,2024,10,25
Toys,Cantho,CUST0233,2024-10-03,ORD006168,174.68,Product_19,4,completed,698.72,2024,10,3
Electronics,Hanoi,CUST0918,2024-06-28,ORD006169,687.59,Product_58,8,cancelled,5500.72,2024,6,28
Toys,Danang,CUST0097,2024-12-21,ORD006170,123.09,Product_75,1,cancelled,123.09,2024,12,21
Food,Haiphong,CUST0503,2024-08-22,ORD006171,642.66,Product_90,6,completed,3855.96,2024,8,22
Electronics,HCM,CUST0749,2024-10-30,ORD006172,466.16,Product_73,6,cancelled,2796.96,2024,10,30
Food,Hanoi,CUST0753,2024-12-20,ORD006173,788.07,Product_60,3,pending,2364.21,2024,12,20
Books,Haiphong,CUST0757,2024-05-20,ORD006174,294.59,Product_82,10,cancelled,2945.8999999999996,2024,5,20
Electronics,Cantho,CUST0246,2024-02-28,ORD006175,341.1,Product_48,8,pending,2728.8,2024,2,28
Food,Cantho,CUST0836,2024-05-15,ORD006176,870.65,Product_85,7,completed,6094.55,2024,5,15
Toys,HCM,CUST0712,2024-02-28,ORD006177,76.85,Product_72,1,completed,76.85,2024,2,28
Clothing,Haiphong,CUST0646,2024-09-16,ORD006178,953.51,Product_85,2,completed,1907.02,2024,9,16
Books,Haiphong,CUST0963,2024-08-23,ORD006179,745.56,Product_43,3,completed,2236.68,2024,8,23
Food,Haiphong,CUST0704,2024-02-15,ORD006180,121.82,Product_49,5,pending,609.0999999999999,2024,2,15
Toys,Danang,CUST0425,2024-06-10,ORD006181,401.7,Product_88,2,cancelled,803.4,2024,6,10
Food,HCM,CUST0132,2024-03-14,ORD006182,419.64,Product_18,5,completed,2098.2,2024,3,14
Electronics,Hanoi,CUST0425,2024-09-28,ORD006183,516.21,Product_3,8,completed,4129.68,2024,9,28
Electronics,HCM,CUST0023,2024-04-01,ORD006184,728.03,Product_75,6,cancelled,4368.18,2024,4,1
Toys,Danang,CUST0587,2024-12-23,ORD006185,802.32,Product_23,3,pending,2406.96,2024,12,23
Electronics,Cantho,CUST0575,2024-04-23,ORD006186,331.22,Product_46,1,cancelled,331.22,2024,4,23
Toys,Hanoi,CUST0154,2024-10-07,ORD006187,542.56,Product_27,5,completed,2712.7999999999997,2024,10,7
Clothing,HCM,CUST0549,2024-01-27,ORD006188,80.48,Product_72,1,completed,80.48,2024,1,27
Electronics,HCM,CUST0555,2024-01-28,ORD006189,415.48,Product_44,7,pending,2908.36,2024,1,28
Electronics,HCM,CUST0589,2024-07-24,ORD006190,537.86,Product_42,6,completed,3227.16,2024,7,24
Food,Hanoi,CUST0260,2024-11-29,ORD006191,737.9,Product_44,2,cancelled,1475.8,2024,11,29
Books,Danang,CUST0031,2024-04-05,ORD006192,415.64,Product_85,4,pending,1662.56,2024,4,5
Food,HCM,CUST0475,2024-12-24,ORD006193,366.37,Product_25,6,cancelled,2198.2200000000003,2024,12,24
Clothing,Haiphong,CUST0053,2024-03-25,ORD006194,598.11,Product_84,4,pending,2392.44,2024,3,25
Electronics,HCM,CUST0966,2024-09-24,ORD006195,292.58,Product_77,5,cancelled,1462.8999999999999,2024,9,24
Clothing,Cantho,CUST0848,2024-01-15,ORD006196,633.59,Product_100,5,completed,3167.9500000000003,2024,1,15
Clothing,Hanoi,CUST0089,2024-12-29,ORD006197,357.12,Product_1,4,completed,1428.48,2024,12,29
Food,Danang,CUST0709,2024-02-13,ORD006198,573.98,Product_64,10,pending,5739.8,2024,2,13
Books,Cantho,CUST0908,2024-08-16,ORD006199,476.51,Product_83,4,pending,1906.04,2024,8,16
Food,Haiphong,CUST0057,2024-07-16,ORD006200,639.33,Product_11,6,completed,3835.9800000000005,2024,7,16
Electronics,Cantho,CUST0116,2024-10-22,ORD006201,921.51,Product_23,9,pending,8293.59,2024,10,22
Books,HCM,CUST0971,2024-01-19,ORD006202,496.59,Product_60,8,completed,3972.72,2024,1,19
Toys,Danang,CUST0396,2024-09-16,ORD006203,966.06,Product_43,6,cancelled,5796.36,2024,9,16
Electronics,Hanoi,CUST0412,2024-06-12,ORD006204,506.02,Product_75,3,completed,1518.06,2024,6,12
Food,Cantho,CUST0828,2024-10-18,ORD006205,835.43,Product_29,7,cancelled,5848.009999999999,2024,10,18
Clothing,Hanoi,CUST0666,2024-11-04,ORD006206,130.33,Product_22,7,completed,912.3100000000001,2024,11,4
Toys,Cantho,CUST0242,2024-12-24,ORD006207,146.51,Product_44,9,completed,1318.59,2024,12,24
Electronics,Haiphong,CUST0412,2024-05-30,ORD006208,797.91,Product_97,5,completed,3989.5499999999997,2024,5,30
Electronics,HCM,CUST0547,2024-02-12,ORD006209,850.34,Product_57,2,cancelled,1700.68,2024,2,12
Toys,Haiphong,CUST0838,2024-12-07,ORD006210,834.11,Product_47,3,completed,2502.33,2024,12,7
Clothing,Cantho,CUST0236,2024-06-10,ORD006211,521.39,Product_72,2,completed,1042.78,2024,6,10
Books,HCM,CUST0582,2024-03-05,ORD006212,488.68,Product_92,9,completed,4398.12,2024,3,5
Food,HCM,CUST0674,2024-06-19,ORD006213,450.86,Product_19,9,pending,4057.7400000000002,2024,6,19
Electronics,Haiphong,CUST0340,2024-06-08,ORD006214,117.9,Product_70,5,cancelled,589.5,2024,6,8
Books,Haiphong,CUST0807,2024-07-17,ORD006215,345.44,Product_27,9,cancelled,3108.96,2024,7,17
Clothing,Haiphong,CUST0918,2024-07-14,ORD006216,901.26,Product_77,10,completed,9012.6,2024,7,14
Toys,Hanoi,CUST0464,2024-03-22,ORD006217,223.76,Product_36,6,cancelled,1342.56,2024,3,22
Electronics,Hanoi,CUST0780,2024-04-09,ORD006218,812.21,Product_100,3,completed,2436.63,2024,4,9
Food,Danang,CUST0127,2024-11-19,ORD006219,637.02,Product_75,5,cancelled,3185.1,2024,11,19
Toys,Danang,CUST0904,2024-09-21,ORD006220,894.84,Product_36,3,cancelled,2684.52,2024,9,21
Books,HCM,CUST0353,2024-06-02,ORD006221,911.39,Product_69,5,completed,4556.95,2024,6,2
Food,Hanoi,CUST0841,2024-08-20,ORD006222,94.9,Product_13,5,cancelled,474.5,2024,8,20
Toys,HCM,CUST0869,2024-05-21,ORD006223,742.55,Product_35,3,cancelled,2227.6499999999996,2024,5,21
Food,Danang,CUST0973,2024-11-24,ORD006224,993.76,Product_50,4,pending,3975.04,2024,11,24
Clothing,Haiphong,CUST0951,2024-02-21,ORD006225,46.28,Product_15,8,pending,370.24,2024,2,21
Clothing,Hanoi,CUST0452,2024-02-11,ORD006226,56.89,Product_52,4,cancelled,227.56,2024,2,11
Books,Danang,CUST0090,2024-11-03,ORD006227,586.74,Product_34,1,pending,586.74,2024,11,3
Toys,HCM,CUST0320,2024-10-22,ORD006228,623.56,Product_38,2,completed,1247.12,2024,10,22
Toys,HCM,CUST0118,2024-05-01,ORD006229,605.03,Product_72,3,completed,1815.09,2024,5,1
Clothing,HCM,CUST0370,2024-01-08,ORD006230,446.3,Product_45,9,cancelled,4016.7000000000003,2024,1,8
Books,Hanoi,CUST0717,2024-12-01,ORD006231,426.39,Product_64,2,pending,852.78,2024,12,1
Food,HCM,CUST0972,2024-09-03,ORD006232,90.76,Product_40,4,completed,363.04,2024,9,3
Food,Danang,CUST0913,2024-06-09,ORD006233,805.58,Product_20,8,pending,6444.64,2024,6,9
Books,Cantho,CUST0926,2024-05-29,ORD006234,189.11,Product_64,7,pending,1323.77,2024,5,29
Clothing,Cantho,CUST0509,2024-03-25,ORD006235,281.02,Product_58,10,pending,2810.2,2024,3,25
Books,Haiphong,CUST0407,2024-06-02,ORD006236,144.51,Product_8,6,cancelled,867.06,2024,6,2
Clothing,Danang,CUST0412,2024-10-24,ORD006237,922.7,Product_24,7,cancelled,6458.900000000001,2024,10,24
Toys,Hanoi,CUST0856,2024-11-30,ORD006238,594.87,Product_16,3,completed,1784.6100000000001,2024,11,30
Clothing,Hanoi,CUST0955,2024-09-22,ORD006239,954.66,Product_55,2,completed,1909.32,2024,9,22
Food,HCM,CUST0548,2024-02-14,ORD006240,497.72,Product_29,4,cancelled,1990.88,2024,2,14
Electronics,Danang,CUST0123,2024-06-08,ORD006241,787.23,Product_23,3,pending,2361.69,2024,6,8
Electronics,Hanoi,CUST0982,2024-09-29,ORD006242,839.8,Product_51,7,pending,5878.599999999999,2024,9,29
Food,Haiphong,CUST0556,2024-09-01,ORD006243,456.4,Product_44,10,pending,4564.0,2024,9,1
Electronics,HCM,CUST0801,2024-02-23,ORD006244,227.29,Product_1,1,pending,227.29,2024,2,23
Books,Haiphong,CUST0062,2024-05-12,ORD006245,754.4,Product_3,5,completed,3772.0,2024,5,12
Electronics,HCM,CUST0199,2024-01-29,ORD006246,939.83,Product_85,5,completed,4699.150000000001,2024,1,29
Electronics,Danang,CUST0389,2024-11-26,ORD006247,362.94,Product_41,9,cancelled,3266.46,2024,11,26
Toys,Cantho,CUST0941,2024-04-28,ORD006248,391.7,Product_93,6,pending,2350.2,2024,4,28
Clothing,HCM,CUST0641,2024-04-18,ORD006249,823.43,Product_54,9,completed,7410.87,2024,4,18
