id,name,email,department,salary,age,hire_date
334,Nathan Fuller,samanthajensen@example.com,HR,148348,31,2024-08-09
335,Brian Goodwin,bbell@example.com,Engineering,47816,32,2023-12-01
336,Matthew Wright,kimberly04@example.org,HR,117993,58,2021-03-08
337,Nicole Phillips,bowerslaura@example.org,HR,97560,29,2020-12-14
338,Jonathan Wheeler,hatfieldsarah@example.org,Marketing,130266,41,2019-11-16
339,Jennifer Payne,kathrynbest@example.org,Marketing,75683,54,2016-03-03
340,Dennis Williams,fryraymond@example.com,Finance,104722,50,2022-04-17
341,Jennifer Miles,davidsonamanda@example.org,Engineering,118385,24,2018-10-12
342,Jorge Harris,amandamyers@example.net,Marketing,136276,42,2023-08-22
343,Maria Collins,pblair@example.org,Finance,72816,23,2018-06-14
344,Audrey Salazar,parkerjudith@example.net,Engineering,70005,65,2017-10-05
345,Chad Smith,hbenton@example.net,Finance,116955,23,2023-11-02
346,Carol Martinez,jessica10@example.com,HR,115529,24,2024-01-29
347,Austin Joseph,crawfordwilliam@example.org,Sales,101669,55,2021-01-01
348,Holly Scott,shannonemily@example.org,Marketing,76458,33,2018-04-16
349,Amanda Roy,brandoncox@example.org,Finance,97132,62,2017-10-17
350,Amanda Pratt,pwalker@example.com,Marketing,51959,52,2025-03-01
351,Roger Duncan,shawrachel@example.org,HR,93523,43,2018-03-28
352,Amber Morales,xcline@example.com,HR,127835,28,2019-04-12
353,Aimee Gonzalez,jodi37@example.com,Sales,83228,48,2021-12-03
354,Raymond Gonzalez DVM,edwardrandolph@example.org,Marketing,77777,64,2018-05-03
355,Ryan Wiley,aaron64@example.org,Marketing,146635,57,2018-01-21
356,Mrs. Tonya Kaufman,jenniferdavis@example.org,Engineering,99614,27,2024-12-23
357,Mercedes Watson,carpenterwilliam@example.net,HR,73082,42,2024-03-16
358,Keith Graham,joelgreen@example.com,Engineering,141259,47,2025-04-07
359,Ronnie Nguyen,enelson@example.org,Finance,148124,22,2017-05-14
360,Ashley Garcia,aowens@example.org,Finance,100552,48,2021-05-13
361,Christine Parker,melissa12@example.net,Engineering,64586,55,2019-01-18
362,Lindsey Lewis,eddie35@example.com,HR,121609,53,2021-02-20
363,Debbie Ewing,cranemelissa@example.net,Marketing,139613,25,2023-06-27
364,Joel Lara,davidbrown@example.org,Sales,75003,57,2017-04-24
365,Jacqueline Mccoy,aguilarjonathan@example.org,Sales,77752,50,2016-03-22
366,Steven Ramos,christopherboone@example.com,Marketing,55915,23,2017-03-25
367,Amber Glass,zunderwood@example.com,Finance,144767,37,2016-04-19
368,Carrie Lewis,joshuagriffin@example.org,Sales,80730,57,2016-05-08
369,Danielle Phillips,eandrade@example.org,Engineering,112384,48,2016-11-18
370,Jason Day,crystalpham@example.org,Engineering,69451,29,2025-11-25
371,Heather Stephens,kcooper@example.net,Marketing,55396,63,2019-03-22
372,Alexander Harper,huangkimberly@example.org,Sales,105323,40,2024-02-04
373,Hunter Silva,terrigarcia@example.net,Finance,132459,39,2018-06-01
374,Raven Mclaughlin,barbaramcgrath@example.com,Marketing,149408,52,2019-07-22
375,Sarah Thompson,linda59@example.org,Marketing,71946,51,2023-01-15
376,Keith Thomas,marycochran@example.com,Finance,58958,46,2021-06-05
377,Andrew Brown,andrewwoods@example.com,Sales,118561,54,2025-03-09
378,Carlos Love,brian29@example.net,Sales,49150,39,2025-03-06
379,Sarah Valencia,brookssheri@example.com,Marketing,84548,54,2021-11-12
380,Frank Daugherty,fconner@example.net,HR,147551,22,2019-03-07
381,Kristina Preston,jeffrey92@example.com,HR,135164,41,2019-01-27
382,Bethany Daniel,xrosales@example.net,Finance,116011,64,2016-04-30
383,Tammy Ponce,daniellegarcia@example.com,Marketing,59476,50,2017-05-30
384,Cynthia Haas,daisymccarty@example.net,Finance,103483,44,2022-09-15
385,Gabriela Smith,johnjones@example.com,HR,112340,56,2023-11-16
386,Amber Kim,acosta@example.com,Marketing,99682,42,2024-10-28
387,James Poole,franciscojones@example.org,Sales,131422,37,2018-12-15
388,Trevor Jones,pamelamartin@example.org,Finance,90196,36,2021-06-23
389,Anna Wheeler,bbush@example.net,Marketing,45720,42,2017-08-27
390,Brooke Garcia,terriortiz@example.net,Marketing,132435,46,2023-03-24
391,Deborah Campbell,codylong@example.net,Marketing,126991,63,2024-05-27
392,Isaac Patterson,madison97@example.org,Sales,104923,24,2016-12-22
393,Mark Rowland,tanthony@example.com,Sales,105836,59,2020-09-18
394,Deborah May,ylopez@example.com,HR,53154,50,2017-11-14
395,Jeremiah Baker,anne21@example.org,Engineering,108937,51,2022-09-08
396,Jennifer Avila,angelarandall@example.net,Engineering,134692,31,2020-03-11
397,Sharon Wells,thomasmiller@example.net,Marketing,125823,31,2016-05-08
398,Kellie Duncan,davidtodd@example.org,Engineering,101537,38,2025-06-30
399,Daniel Lee,hendersonvanessa@example.com,HR,121691,47,2018-01-09
400,Brittany Larson,renee11@example.com,Engineering,83065,65,2021-07-27
401,Shannon Stone,buchanancindy@example.net,Finance,89808,42,2023-10-28
402,Chase Knight,buckleyanna@example.org,Marketing,110912,24,2023-11-12
403,Sheryl Humphrey,patrick79@example.net,Finance,48968,37,2020-09-26
404,Jamie Montgomery,vwilliams@example.net,HR,69817,27,2018-05-19
405,Tammie Prince,morganlaura@example.com,Marketing,52903,62,2018-10-23
406,Michael Garcia PhD,kevinmanning@example.com,Engineering,98153,32,2018-09-13
407,Matthew Lopez,robinrussell@example.com,HR,43794,24,2023-08-08
408,Samantha Robertson,cameronmckinney@example.com,HR,144352,25,2017-05-12
409,Sherry Johnson,nancygonzalez@example.org,HR,86984,45,2018-07-02
410,Thomas Bush,micheal78@example.com,Marketing,59080,37,2022-05-12
411,Andre Watson,ethompson@example.net,Finance,94008,58,2021-07-09
412,Ryan Green,mitchellpaul@example.org,Sales,62280,33,2024-07-18
413,Cindy Walker,ericaadams@example.com,Engineering,119887,46,2021-02-20
414,Tracy Fleming,pbuck@example.org,Finance,129539,37,2022-01-06
415,David Trujillo,jennifer46@example.com,Marketing,116435,31,2024-07-09
416,Daniel Turner,asilva@example.net,Sales,100443,62,2025-12-31
417,Sara Hoffman,kenneth17@example.org,HR,100236,38,2019-05-15
418,Frederick Hill,jacob83@example.org,Engineering,145464,51,2024-01-23
419,Lindsay Guerrero,jenniferrios@example.com,HR,128815,56,2018-08-07
420,James Johnson,matthewreeves@example.net,Sales,49681,50,2021-05-09
421,Susan Powers,megan82@example.com,HR,117014,41,2016-12-24
422,David Stokes,staceylam@example.net,Marketing,130480,38,2016-11-24
423,Patrick Parker,nathan94@example.com,Marketing,79599,34,2024-07-08
424,Sean Silva,kennedyjames@example.org,Marketing,103335,28,2024-09-05
425,Edwin Brown,derrickgonzalez@example.com,Sales,89986,58,2025-11-17
426,Victoria Thomas,kimberlyfreeman@example.net,HR,115341,40,2025-11-15
427,Anthony Hayes,kathleenjackson@example.org,HR,42875,64,2020-11-25
428,Anita Mendez,epowell@example.com,Marketing,75976,22,2016-01-20
429,Monica Dodson,katherine83@example.org,Finance,129889,25,2022-10-10
430,Danielle Steele,larry16@example.net,Finance,137671,53,2021-11-22
431,Rodney Evans,stephen89@example.net,HR,141677,36,2019-05-21
432,Whitney Cooper,mhoward@example.org,Finance,145110,44,2025-06-27
433,Jennifer Perez,jasonjohnson@example.net,Sales,123442,34,2017-09-11
434,Matthew Johnson,kelsey90@example.net,Finance,72850,65,2025-12-14
435,Martha Smith,butleromar@example.net,Sales,122345,28,2018-07-14
436,Christine Jennings,turnerdorothy@example.net,Engineering,80492,50,2021-03-17
437,Mercedes Barnes,huntchristine@example.com,Engineering,115965,45,2017-02-22
438,Craig Gonzalez,marie35@example.net,Sales,51813,40,2020-02-07
439,Joshua Lozano,arivera@example.org,HR,137973,48,2022-09-21
440,Sara Caldwell,stacychan@example.org,Sales,66318,30,2023-03-30
441,David Hall,joseph01@example.org,Finance,87953,55,2024-09-30
442,Heather Rhodes,grodgers@example.org,Finance,75720,32,2016-02-07
443,Matthew Murphy,rfriedman@example.net,HR,148093,52,2016-12-07
444,Catherine Morales,ynelson@example.net,HR,137853,43,2024-07-06
445,Mariah Robles,andersonjessica@example.org,Engineering,101385,26,2017-01-15
446,Karen Carroll,ywhite@example.com,Sales,138848,36,2022-02-13
447,Sheryl Acosta,timothyfreeman@example.com,Marketing,145458,57,2020-05-30
448,Matthew Smith,tiffanysantiago@example.com,HR,51836,47,2021-03-13
449,Lisa Reynolds,timothyalvarado@example.net,Engineering,74663,56,2019-11-08
450,Kristin Huerta,smithsarah@example.net,Engineering,99609,45,2024-06-29
451,Sheila Jones,vflores@example.com,HR,116619,46,2016-07-04
452,Mason Powell,christianwallace@example.net,HR,54201,65,2020-06-26
453,Jillian Wilson,bmcgee@example.org,Sales,101797,23,2020-01-15
454,Joshua Petersen,pamela83@example.net,Finance,113584,42,2022-09-20
455,Heidi Brown,meganrivera@example.net,Finance,69015,63,2022-01-02
456,Heidi Chavez,malonejeffrey@example.com,Engineering,123283,51,2019-07-23
457,Rebecca Kelley,jacqueline02@example.com,HR,125097,48,2017-05-30
458,Mikayla Rodriguez,jacobconrad@example.com,Engineering,58320,24,2018-02-28
459,Cheryl Morgan,owilliams@example.net,Engineering,79893,53,2021-11-22
460,Joanna Barrett,tamarasmith@example.net,Engineering,52739,37,2016-06-28
461,Sara Webb,heatherthompson@example.org,Finance,57781,46,2017-01-15
462,Lisa Morris,mbarnes@example.net,Marketing,88629,64,2023-08-18
463,Victor Waller,iballard@example.com,Finance,94935,59,2022-01-12
464,Kayla Cameron,jennifer83@example.org,Sales,94379,63,2018-02-07
465,Melissa Morse,tinasantos@example.org,Engineering,149273,53,2021-01-16
466,Erica Wilson,anna99@example.net,Finance,93492,39,2023-02-09
467,Stephanie Ferguson,hstokes@example.org,Engineering,130476,45,2016-04-04
468,Michael Gonzalez,tonyavega@example.org,Sales,98115,50,2024-05-26
469,Elizabeth Molina,howardshaun@example.net,Sales,87537,28,2024-09-07
470,Sharon Newton,yyoung@example.net,HR,111364,63,2018-11-18
471,Tammy Hughes,tammy00@example.net,HR,47936,47,2018-07-09
472,Priscilla Berg,rhondabush@example.net,HR,64878,29,2019-09-07
473,Nancy Gonzalez,kellythompson@example.net,Marketing,52015,64,2016-10-01
474,Nancy Wilson,pattersonangela@example.org,Sales,124109,62,2017-08-12
475,Abigail Owens,billmcfarland@example.net,Finance,42799,25,2016-07-06
476,Lisa Stanley,jtyler@example.com,HR,71925,30,2016-09-25
477,Kelly Krueger,hartmanerik@example.net,Finance,66896,26,2021-05-17
478,Daniel Lewis,mark43@example.net,Finance,67152,59,2021-04-23
479,Samantha Zavala MD,sean99@example.org,Sales,146568,36,2025-08-05
480,Erica Moon,cruzamber@example.com,HR,141498,31,2016-04-02
481,Patricia Robertson,stucker@example.net,Finance,40371,39,2017-12-06
482,Tiffany Jackson,simsjason@example.net,Sales,57038,56,2023-09-28
483,Jessica Garcia,elucas@example.net,HR,144662,33,2022-11-13
484,Mitchell Johnson,brownlaura@example.net,Engineering,126646,23,2016-09-16
485,Susan Russell,bmccoy@example.com,Sales,41947,44,2016-03-04
486,Kimberly May,avilabrenda@example.net,Sales,117182,42,2024-06-27
487,Jonathan Roberts,catherine47@example.com,Engineering,62838,38,2019-12-16
488,Kara Ferguson,julierobles@example.net,Engineering,56614,48,2018-12-15
489,Elizabeth Eaton,susan08@example.net,Finance,54896,26,2017-06-02
490,Kenneth Long,torreskaitlin@example.net,Marketing,98756,45,2019-06-12
491,Matthew Hunt,jackjensen@example.com,Finance,117812,28,2017-12-12
492,Robert Phelps,enewman@example.com,Marketing,106039,36,2022-09-21
493,Craig Carpenter,michael31@example.com,Finance,45683,64,2022-03-15
494,Emily Hayes,heather29@example.net,Finance,79535,51,2019-08-26
495,Jeffrey Smith,kristenjoseph@example.net,Engineering,47972,52,2020-05-14
496,Brandy Quinn,wford@example.com,Marketing,95872,65,2020-11-15
497,Matthew Miller,michele28@example.org,Engineering,104260,50,2018-08-21
498,Angela Jones,atkinsoncrystal@example.net,Engineering,50589,42,2021-10-17
499,Christy Johnson,amy87@example.net,Finance,59442,26,2023-10-04
500,Daniel Barton,dennis88@example.org,Sales,76046,61,2019-12-22
501,Mary Charles,katherinetaylor@example.org,Finance,111874,42,2017-10-18
502,Mary Faulkner,ccrosby@example.org,Marketing,118301,55,2023-08-15
503,Dennis Young,aprilmoody@example.com,HR,99469,54,2020-09-13
504,Anthony Hooper,dakota84@example.net,Finance,96387,28,2018-08-21
505,Carrie Valdez,briana18@example.com,Engineering,125814,63,2019-10-08
506,Kelli Gomez,tommy79@example.org,Finance,134481,35,2021-01-09
507,Christopher Jones,jason22@example.com,Marketing,99186,36,2022-01-10
508,Mary Perry,jennifer77@example.com,Marketing,84424,51,2018-02-10
509,Roy Johnson,andersonbrittany@example.org,Marketing,94524,28,2022-04-20
510,Kenneth Brown,sandra86@example.net,HR,95936,42,2025-09-12
511,Sherry Luna,stacey37@example.net,HR,89060,31,2025-12-07
512,Carolyn Greer,laurahoover@example.org,Marketing,48799,27,2022-03-28
513,Carol Jennings,ecarlson@example.org,Engineering,52219,49,2019-10-15
514,Alan Mills,mserrano@example.org,Engineering,137594,45,2017-10-12
515,Linda Rich,davisdonna@example.net,Sales,112924,25,2021-05-26
516,Todd Gregory,xboyd@example.org,Finance,113608,57,2022-12-25
517,Todd Olson,zbell@example.net,HR,127819,29,2025-01-31
518,Laura Coleman,thomas31@example.com,Marketing,86346,64,2021-12-27
519,Deanna Smith,lanedavid@example.org,Marketing,134510,25,2019-10-03
520,Robert Ortiz,mooredenise@example.com,HR,118696,41,2018-08-14
521,Krystal Carr,afischer@example.net,HR,53579,58,2023-11-05
522,Mr. Justin King,becky62@example.net,Finance,67884,31,2017-03-13
523,Richard Avery,lewisrichard@example.com,Marketing,69392,28,2024-01-06
524,Melinda Williams,aoconnell@example.org,HR,112910,45,2024-03-28
525,Kyle Davis,jeffrey19@example.org,Engineering,139956,39,2023-04-02
526,Jennifer Douglas,jennifer90@example.org,Finance,69643,49,2022-05-29
527,Dakota Sandoval,james98@example.net,Finance,140588,61,2022-12-28
528,Megan Ward,cantrellchristopher@example.com,Finance,128470,63,2023-10-21
529,James Willis,mclaughlincasey@example.org,Finance,43441,60,2021-07-02
530,Kristin Aguilar,sylvia43@example.net,HR,43794,33,2025-08-21
531,Jared Smith,richardrodriguez@example.org,HR,132104,41,2021-01-14
532,Bruce Palmer,nancy94@example.net,HR,86009,22,2020-06-07
533,John Sanchez,susan77@example.net,Sales,58776,58,2024-08-16
534,Mr. James Kramer,ericahall@example.com,Marketing,49120,31,2020-02-17
535,Joseph Haynes,john16@example.net,Engineering,52026,55,2023-06-30
536,Justin White,michael94@example.org,Sales,89308,48,2025-06-23
537,Susan Porter,jimmyallen@example.com,Marketing,84681,32,2018-01-27
538,David Montgomery,kimberlywilson@example.org,HR,80846,42,2022-10-06
539,Lisa Duran,charlesnathan@example.com,Finance,118148,27,2020-12-05
540,Dr. Sheila Henry,raymond92@example.org,Engineering,60392,32,2021-04-06
541,Todd Johnson,phillip27@example.org,Finance,46522,65,2022-12-27
542,Michael Smith,nicolasgarcia@example.com,Engineering,75665,50,2022-02-18
543,Joshua Young,vmullen@example.com,Marketing,103656,60,2017-11-04
544,Jason Goodwin,melissa47@example.org,Marketing,94287,39,2021-09-20
545,Melissa Olsen,linda86@example.com,Sales,138951,54,2017-12-19
546,Nancy Kennedy,thompsonvictor@example.net,Engineering,85242,49,2021-03-05
547,Rachel Evans,rosshannah@example.org,Engineering,77125,65,2018-02-28
548,Ryan Davis,jordan58@example.net,Finance,103783,55,2025-04-29
549,Alejandro Martinez,barbarasantos@example.net,HR,45952,36,2017-10-01
550,Heather Nunez,champton@example.org,Marketing,118554,25,2019-10-26
551,Mark Thomas,daniellemcfarland@example.com,Engineering,66794,41,2022-04-27
552,Sarah Jones,matthewedwards@example.net,Sales,140578,30,2018-12-02
553,Matthew Nelson,xnorman@example.net,HR,77938,42,2021-11-16
554,Jennifer White,martinezjimmy@example.com,Engineering,41013,53,2025-05-30
555,Angela Jackson,davissharon@example.com,Marketing,63028,30,2021-06-28
556,James Hubbard,garciachristine@example.org,Marketing,109806,36,2022-07-22
557,Ellen Wright,scott22@example.net,Finance,113233,64,2024-05-23
558,Matthew Dalton,michelle78@example.com,HR,49447,47,2021-06-28
559,Travis Ryan,owelch@example.net,Engineering,97176,23,2020-05-09
560,Kimberly Stout,zfernandez@example.org,Marketing,50205,42,2020-06-04
561,David Torres,millskatherine@example.org,Finance,96267,58,2019-06-12
562,Adam Weeks,xevans@example.com,Marketing,132995,62,2023-12-26
563,Rebecca Kelley,robertcastro@example.com,Marketing,77947,29,2018-07-03
564,Maria Clayton,josehenderson@example.org,Marketing,42733,42,2021-03-04
565,Lisa Benson,justin84@example.com,Sales,145030,61,2017-11-19
566,Chad Rodriguez,rwilliamson@example.net,Marketing,149055,45,2022-03-26
567,Alec Williams,lopezcurtis@example.com,Engineering,97240,28,2017-04-03
568,Adam Davis,snydermatthew@example.com,Sales,97104,59,2023-11-12
569,Mr. Michael Johnson Jr.,brianrowe@example.org,Marketing,108676,27,2021-06-09
570,Steven Wright,hclayton@example.net,Marketing,80668,43,2018-06-30
571,Jessica Rojas,gonzalezjill@example.org,Sales,83655,32,2021-03-20
572,Mrs. Melanie Collins,eric08@example.net,Engineering,106910,62,2017-03-24
573,Mr. Isaac Williams,teresayoung@example.com,Engineering,109547,54,2019-04-02
574,Donald Wilson,albertwilliams@example.net,Sales,141741,44,2020-10-04
575,Jacqueline Davis,vincentparks@example.com,HR,135339,63,2025-04-25
576,Lori Brown DDS,martinezjesse@example.net,Sales,70968,28,2023-11-22
577,Renee Gonzales,andrewgray@example.net,Sales,73550,34,2017-05-09
578,Karina Kim,amy73@example.net,Sales,118957,31,2017-11-14
579,Nicholas Hill,caseymoore@example.com,Engineering,63218,62,2024-03-14
580,Jordan Parsons,bgross@example.net,Marketing,100811,58,2024-07-28
581,Cynthia Le,rlee@example.com,Finance,98838,65,2023-08-31
582,Douglas Ortiz,daniel81@example.org,Finance,124278,62,2024-05-10
583,Shane Harris,clee@example.net,Finance,82363,62,2022-06-04
584,John Hanson,brandon39@example.net,HR,59786,50,2016-09-17
585,Christine Henry,mcdonalddanielle@example.com,Engineering,101462,50,2021-08-02
586,Jennifer Wood,colonjoseph@example.org,HR,144376,39,2023-05-08
587,Angela Lewis,garciajerry@example.com,Finance,47362,44,2017-11-25
588,Danielle Garrett,angelagrant@example.net,Finance,49724,41,2017-01-22
589,Heather Ellis,kandrade@example.org,Marketing,99233,24,2021-07-04
590,Mary Ferguson,umahoney@example.net,Engineering,88331,40,2025-12-02
591,Jacob Duran,umckenzie@example.net,Engineering,124497,27,2018-05-31
592,Jaime Pierce,michael77@example.com,Finance,117867,54,2016-01-03
593,Duane Smith,victoriaturner@example.com,Marketing,100648,59,2025-11-06
594,Ethan Ingram,samantha88@example.net,Finance,143785,24,2025-04-07
595,Andrew Kelly,josephpreston@example.org,Marketing,146144,58,2018-05-03
596,Anna Ross,jessicacummings@example.com,Sales,82143,60,2017-09-25
597,Melissa Johnston,larsonkevin@example.net,Marketing,105715,31,2024-02-02
598,Richard Weeks,michael66@example.org,Engineering,99050,28,2024-09-14
599,Matthew Guzman,walterscrystal@example.org,HR,133626,27,2019-01-20
600,Joshua Hernandez,ericnunez@example.com,Finance,124689,33,2025-09-19
601,Laura Davis,zroberts@example.org,Engineering,72472,50,2017-04-29
602,Kenneth Williams,zbaker@example.net,Marketing,108690,55,2020-05-08
603,Pamela Castillo,tonypearson@example.org,Finance,60807,45,2021-08-13
604,Kelly Allen MD,kmorris@example.org,HR,77079,46,2017-02-17
605,Jacob Lee,brittney04@example.org,Marketing,141510,43,2025-11-18
606,Wanda Ramos,scottglass@example.org,Finance,46863,62,2018-01-01
607,Peter Farrell,singhjohn@example.net,HR,48639,43,2025-04-10
608,Samantha Smith,torresthomas@example.com,Engineering,113133,65,2018-02-04
609,Christina Mills,ana92@example.net,Marketing,77243,38,2022-12-29
610,Kevin Alvarado,scottbrian@example.org,Finance,59709,43,2023-11-24
611,Amy Pena,jonesdonna@example.net,Engineering,116380,64,2024-07-11
612,Sharon Smith,yhall@example.net,Sales,85851,41,2025-10-09
613,Ethan Delacruz,lopezvincent@example.com,Marketing,56901,60,2021-08-12
614,Amanda Nielsen,matthew62@example.org,Engineering,80577,57,2019-06-22
615,Mario Young,lisa46@example.org,Marketing,124343,43,2025-06-12
616,Courtney Peterson,fsandoval@example.net,Sales,127833,65,2019-10-30
617,Lisa Garrett,robertberry@example.com,Finance,52249,63,2025-09-17
618,Erin Daniels,denisecarpenter@example.net,Marketing,106648,45,2024-01-03
619,Ellen Thornton,russellstout@example.org,Engineering,87526,41,2022-07-27
620,Brooke Jones,whitemary@example.org,Sales,68074,43,2023-04-12
621,Sheryl Gutierrez,vturner@example.net,Marketing,65166,36,2025-05-04
622,Richard Rodriguez,anthonyodom@example.net,Sales,60308,26,2018-09-03
623,Crystal Hall,howardhailey@example.com,HR,143300,28,2017-05-06
624,Julie Banks,melissahenry@example.org,Finance,141040,56,2017-08-23
625,Jason Novak,stephanie33@example.org,Finance,44947,64,2016-08-31
626,Victoria Camacho,dwatts@example.org,HR,140441,61,2020-04-12
627,Lisa Holloway,phillip99@example.net,Sales,118282,46,2021-04-04
628,Rachel Meyer,cbryant@example.org,Sales,61266,33,2021-03-11
629,Nicholas Grant,leescott@example.com,Finance,146042,32,2023-09-29
630,Christopher Phillips,vaughnrebecca@example.com,Marketing,45726,48,2024-04-21
631,Nathan Wilson,phillipmorris@example.org,HR,128652,37,2017-10-17
632,Michelle Harris,udavis@example.net,Marketing,120031,40,2022-06-29
633,Carly Quinn,wilsonshannon@example.com,Marketing,70671,56,2016-11-09
634,Monica Hester,nicholasjames@example.org,Sales,80562,52,2025-02-16
635,Mary Hernandez,haroldjoseph@example.com,Sales,88213,65,2019-02-01
636,Tonya Roberts,davidanderson@example.org,Finance,97749,51,2016-01-15
637,Alexandria Jimenez,astephens@example.net,HR,141990,46,2024-10-31
638,Kevin Alvarez,mramos@example.net,Finance,109135,48,2016-01-27
639,Diana Fuller,brandonhernandez@example.net,Sales,147071,34,2019-06-30
640,Andrew Lane,mark10@example.org,Finance,58140,38,2020-03-05
641,Michael Carr,tammycurry@example.com,Engineering,124040,52,2025-04-27
642,Edwin Richardson,wwilkins@example.com,HR,112684,28,2024-06-09
643,John Martinez,mark68@example.org,Finance,56341,40,2022-12-18
644,Ashley Blair,webbhaley@example.net,Engineering,140023,32,2018-11-17
645,Emily Fox,sara99@example.com,HR,98893,54,2021-03-15
646,Katherine White,jeanettekrause@example.org,Sales,148926,49,2017-03-09
647,Robert Mclaughlin,laurenduarte@example.com,Engineering,69102,50,2016-06-17
648,Robert Lewis,hannahking@example.org,HR,43495,48,2019-01-31
649,Erica Smith,matthew99@example.org,Engineering,91964,54,2024-04-29
650,Roy Nielsen,zhendricks@example.org,HR,70903,46,2022-06-18
651,Mr. Steven Herrera,steven60@example.net,Engineering,89140,36,2018-12-31
652,Emily Herrera,barbararivera@example.com,Engineering,81770,28,2016-08-31
653,Ryan Morgan,ksims@example.net,HR,143727,31,2022-01-23
654,Bruce Patton,janet50@example.com,Sales,45020,40,2020-02-22
655,David Hayes DVM,aliciathompson@example.com,Marketing,131235,30,2023-11-09
656,Susan Wallace,lloydrebecca@example.org,Marketing,98799,61,2017-11-27
657,Morgan Mills,douglas18@example.net,Engineering,50384,23,2025-12-07
658,Andrew Hughes,smithsarah@example.net,HR,68266,31,2024-06-27
659,Felicia Small,meyerdonna@example.com,Finance,135320,60,2016-03-25
660,Margaret Clark,jameshill@example.com,Finance,95476,29,2023-09-25
661,Denise Moore,smithcindy@example.net,HR,71147,41,2017-01-10
662,Kirsten Nelson,audrey21@example.com,Engineering,46258,37,2022-02-20
663,Jeremy Anderson,dberger@example.org,Marketing,123748,61,2019-11-04
664,James Bush,tjensen@example.com,Marketing,48232,29,2024-03-07
665,Megan Ferguson,fbradley@example.net,Marketing,118215,56,2020-09-08
666,Michael Mckinney,oruiz@example.org,Engineering,122831,54,2024-08-13
